akthst,linientext,total_trips,avg_delay,median_delay,pct_high_delay,delay_group,delay_color,longitude,latitude
4074101,18,559,3.7216457960644007,3.13,24.15026833631485,0-5 (Slight),#F1C40F,7.566356,51.877216
4074301,18,1230,2.0729512195121953,0.4,17.317073170731707,0-5 (Slight),#F1C40F,7.559721,51.877557
4074601,18,401,2.3237157107231923,1.35,10.473815461346634,0-5 (Slight),#F1C40F,7.57063,51.884527
4074801,18,226,2.025442477876106,1.79,10.176991150442479,0-5 (Slight),#F1C40F,7.577278,51.890871
4100001,1,2616,1.7302255351681959,0.82,10.856269113149846,0-5 (Slight),#F1C40F,7.634155,51.9566
4100001,10,1816,1.8677698237885463,0.07,13.105726872246695,0-5 (Slight),#F1C40F,7.634155,51.9566
4100001,11,2794,1.3659770937723694,0.0,6.263421617752327,0-5 (Slight),#F1C40F,7.634155,51.9566
4100001,12,89,1.8046067415730336,0.0,19.101123595505616,0-5 (Slight),#F1C40F,7.634155,51.9566
4100001,14,2827,1.2302759108595684,0.52,5.695083126989742,0-5 (Slight),#F1C40F,7.634155,51.9566
4100001,15,2262,2.3720203359858534,1.13,16.091954022988507,0-5 (Slight),#F1C40F,7.634155,51.9566
4100001,16,2457,1.691786731786732,0.98,9.238909238909239,0-5 (Slight),#F1C40F,7.634155,51.9566
4100001,17,1133,1.8178993821712266,0.4,9.973521624007061,0-5 (Slight),#F1C40F,7.634155,51.9566
4100001,2,1779,1.7815795390668914,0.15,12.25407532321529,0-5 (Slight),#F1C40F,7.634155,51.9566
4100001,4,2901,2.5247845570492933,1.37,16.270251637366425,0-5 (Slight),#F1C40F,7.634155,51.9566
4100001,5,2802,1.7360206995003569,0.22,14.525339043540328,0-5 (Slight),#F1C40F,7.634155,51.9566
4100001,6,1929,1.587407983411094,0.23,13.893208916537066,0-5 (Slight),#F1C40F,7.634155,51.9566
4100001,7,72,0.2791666666666666,-0.55,0.0,0-5 (Slight),#F1C40F,7.634155,51.9566
4100001,8,1964,1.0916904276985744,0.22,8.146639511201629,0-5 (Slight),#F1C40F,7.634155,51.9566
4100001,9,2133,2.5842991092358183,0.98,21.612751992498826,0-5 (Slight),#F1C40F,7.634155,51.9566
4100001,E10,134,2.322985074626866,1.245,16.417910447761194,0-5 (Slight),#F1C40F,7.634155,51.9566
4100001,E11,110,3.6258181818181816,3.48,37.27272727272727,0-5 (Slight),#F1C40F,7.634155,51.9566
4100001,E14,53,2.9445283018867925,3.12,24.528301886792452,0-5 (Slight),#F1C40F,7.634155,51.9566
4100001,E15,19,9.031578947368422,4.4,42.10526315789473,5-10 (Moderate),#E67E22,7.634155,51.9566
4100001,E17,43,4.213953488372093,1.77,25.581395348837212,0-5 (Slight),#F1C40F,7.634155,51.9566
4100001,E4,35,2.7725714285714287,1.55,17.142857142857142,0-5 (Slight),#F1C40F,7.634155,51.9566
4100001,E6,272,0.9031985294117647,0.67,2.941176470588235,0-5 (Slight),#F1C40F,7.634155,51.9566
4100001,E8,46,4.693695652173913,4.86,50.0,0-5 (Slight),#F1C40F,7.634155,51.9566
4100001,E80,44,-0.24704545454545457,0.0,0.0,< 0 (Early/On-time),#2ECC71,7.634155,51.9566
4100001,E81,28,-0.4614285714285714,0.0,0.0,< 0 (Early/On-time),#2ECC71,7.634155,51.9566
4100001,E82,31,-0.018709677419354837,0.0,0.0,< 0 (Early/On-time),#2ECC71,7.634155,51.9566
4100001,E83,34,-0.2791176470588235,0.0,0.0,< 0 (Early/On-time),#2ECC71,7.634155,51.9566
4100001,E84,26,0.05538461538461538,0.0,0.0,0-5 (Slight),#F1C40F,7.634155,51.9566
4100001,E85,61,-0.32754098360655737,0.0,0.0,< 0 (Early/On-time),#2ECC71,7.634155,51.9566
4100001,E9,20,1.0835,0.9850000000000001,5.0,0-5 (Slight),#F1C40F,7.634155,51.9566
4100001,N80,1063,-0.24154280338664158,0.0,0.7525870178739417,< 0 (Early/On-time),#2ECC71,7.634155,51.9566
4100001,N81,1453,0.2862629043358568,0.0,0.06882312456985547,0-5 (Slight),#F1C40F,7.634155,51.9566
4100001,N82,1243,0.3683507642799678,0.0,0.32180209171359614,0-5 (Slight),#F1C40F,7.634155,51.9566
4100001,N83,1394,0.2987661406025825,0.0,0.1434720229555237,0-5 (Slight),#F1C40F,7.634155,51.9566
4100001,N84,1704,0.23705399061032864,0.0,0.05868544600938967,0-5 (Slight),#F1C40F,7.634155,51.9566
4100001,N85,1307,0.2546824789594491,0.0,0.1530221882172915,0-5 (Slight),#F1C40F,7.634155,51.9566
4102101,1,1985,1.7965692695214106,0.8,7.959697732997481,0-5 (Slight),#F1C40F,7.627781,51.95587
4102101,10,750,2.8457733333333333,1.78,21.333333333333336,0-5 (Slight),#F1C40F,7.627781,51.95587
4102101,11,1113,2.629281221922731,1.7,18.867924528301888,0-5 (Slight),#F1C40F,7.627781,51.95587
4102101,12,47,2.676595744680851,1.02,23.404255319148938,0-5 (Slight),#F1C40F,7.627781,51.95587
4102101,14,773,1.89620957309185,1.4,10.478654592496765,0-5 (Slight),#F1C40F,7.627781,51.95587
4102101,15,1174,3.3243526405451447,2.65,16.524701873935264,0-5 (Slight),#F1C40F,7.627781,51.95587
4102101,16,1157,2.0834917891097664,1.67,7.346585998271392,0-5 (Slight),#F1C40F,7.627781,51.95587
4102101,2,763,3.125137614678899,1.83,22.14941022280472,0-5 (Slight),#F1C40F,7.627781,51.95587
4102101,4,1178,3.219074702886248,2.72,19.35483870967742,0-5 (Slight),#F1C40F,7.627781,51.95587
4102101,7,19,0.5847368421052631,0.1,0.0,0-5 (Slight),#F1C40F,7.627781,51.95587
4102101,9,1402,2.2611412268188302,0.95,13.266761768901569,0-5 (Slight),#F1C40F,7.627781,51.95587
4102101,E10,164,3.1811585365853663,2.8200000000000003,28.65853658536585,0-5 (Slight),#F1C40F,7.627781,51.95587
4102101,E15,34,2.232941176470588,2.23,0.0,0-5 (Slight),#F1C40F,7.627781,51.95587
4102101,E8,9,5.0744444444444445,3.33,33.33333333333333,5-10 (Moderate),#E67E22,7.627781,51.95587
4102101,E80,4,1.4875,1.51,0.0,0-5 (Slight),#F1C40F,7.627781,51.95587
4102101,E84,13,0.7076923076923076,0.23,7.6923076923076925,0-5 (Slight),#F1C40F,7.627781,51.95587
4102101,E9,23,1.2021739130434783,0.38,0.0,0-5 (Slight),#F1C40F,7.627781,51.95587
4102101,N80,489,1.0786298568507156,1.22,2.4539877300613497,0-5 (Slight),#F1C40F,7.627781,51.95587
4102101,N81,681,1.3310132158590309,1.22,3.671071953010279,0-5 (Slight),#F1C40F,7.627781,51.95587
4102101,N83,537,0.9335195530726257,0.85,0.931098696461825,0-5 (Slight),#F1C40F,7.627781,51.95587
4102101,N84,536,1.093973880597015,1.06,7.462686567164178,0-5 (Slight),#F1C40F,7.627781,51.95587
4103202,10,582,3.1379037800687284,1.42,25.601374570446733,0-5 (Slight),#F1C40F,7.626347,51.957846
4103202,11,1134,1.9877336860670196,0.92,15.873015873015872,0-5 (Slight),#F1C40F,7.626347,51.957846
4103202,12,32,3.5309375,1.3,31.25,0-5 (Slight),#F1C40F,7.626347,51.957846
4103202,14,413,1.5009443099273607,0.35,3.14769975786925,0-5 (Slight),#F1C40F,7.626347,51.957846
4103202,2,538,3.6872118959107807,3.21,32.342007434944236,0-5 (Slight),#F1C40F,7.626347,51.957846
4103202,4,842,3.631104513064133,2.3,35.15439429928741,0-5 (Slight),#F1C40F,7.626347,51.957846
4103202,E10,10,7.522,7.4350000000000005,70.0,5-10 (Moderate),#E67E22,7.626347,51.957846
4103202,E15,13,5.562307692307693,4.55,38.46153846153847,5-10 (Moderate),#E67E22,7.626347,51.957846
4103202,N80,74,1.7621621621621621,2.57,4.054054054054054,0-5 (Slight),#F1C40F,7.626347,51.957846
4104101,1,827,1.1988996372430472,0.27,6.045949214026603,0-5 (Slight),#F1C40F,7.628176,51.962437
4104101,9,677,1.5746085672082717,0.38,9.601181683899556,0-5 (Slight),#F1C40F,7.628176,51.962437
4104101,E8,8,1.45,1.355,0.0,0-5 (Slight),#F1C40F,7.628176,51.962437
4104401,1,366,1.4797814207650273,1.05,4.644808743169399,0-5 (Slight),#F1C40F,7.626155,51.962082
4104401,10,226,2.863761061946903,1.975,19.469026548672566,0-5 (Slight),#F1C40F,7.626155,51.962082
4104401,11,353,2.274277620396601,1.92,9.631728045325778,0-5 (Slight),#F1C40F,7.626155,51.962082
4104401,14,360,1.2664166666666667,0.875,7.777777777777778,0-5 (Slight),#F1C40F,7.626155,51.962082
4104401,2,244,2.291967213114754,1.755,12.295081967213115,0-5 (Slight),#F1C40F,7.626155,51.962082
4104401,4,638,1.298244514106583,0.83,7.210031347962382,0-5 (Slight),#F1C40F,7.626155,51.962082
4104401,9,289,1.7881660899653977,1.07,8.304498269896193,0-5 (Slight),#F1C40F,7.626155,51.962082
4104401,E11,7,4.448571428571428,4.22,28.57142857142857,0-5 (Slight),#F1C40F,7.626155,51.962082
4104401,E80,1,0.37,0.37,0.0,0-5 (Slight),#F1C40F,7.626155,51.962082
4104401,N80,102,0.8571568627450981,0.23,2.941176470588235,0-5 (Slight),#F1C40F,7.626155,51.962082
4104801,1,1689,1.809976317347543,1.32,10.775606867969213,0-5 (Slight),#F1C40F,7.630304,51.964128
4104801,15,1143,2.4265529308836395,1.2,20.99737532808399,0-5 (Slight),#F1C40F,7.630304,51.964128
4104801,16,1268,1.7190851735015775,1.1,12.933753943217665,0-5 (Slight),#F1C40F,7.630304,51.964128
4104801,5,1828,2.031870897155361,0.37,15.481400437636761,0-5 (Slight),#F1C40F,7.630304,51.964128
4104801,6,1315,1.6156121673003805,0.37,13.307984790874524,0-5 (Slight),#F1C40F,7.630304,51.964128
4104801,8,1381,1.1436133236784938,0.3,8.32729905865315,0-5 (Slight),#F1C40F,7.630304,51.964128
4104801,9,1401,1.808786581013562,0.97,12.419700214132762,0-5 (Slight),#F1C40F,7.630304,51.964128
4104801,E6,6,1.3216666666666665,1.76,0.0,0-5 (Slight),#F1C40F,7.630304,51.964128
4104801,E8,26,6.045384615384616,5.855,73.07692307692307,5-10 (Moderate),#E67E22,7.630304,51.964128
4104801,E81,9,0.6966666666666667,0.37,0.0,0-5 (Slight),#F1C40F,7.630304,51.964128
4104801,E82,9,0.7133333333333334,0.38,0.0,0-5 (Slight),#F1C40F,7.630304,51.964128
4104801,E85,7,0.04857142857142858,0.2,0.0,0-5 (Slight),#F1C40F,7.630304,51.964128
4104801,N81,330,1.3435151515151516,0.4,3.6363636363636362,0-5 (Slight),#F1C40F,7.630304,51.964128
4104801,N82,376,1.8014893617021277,1.375,4.787234042553192,0-5 (Slight),#F1C40F,7.630304,51.964128
4104801,N85,372,1.2072043010752689,0.37,2.956989247311828,0-5 (Slight),#F1C40F,7.630304,51.964128
4105101,1,1407,1.8921961620469083,1.28,10.518834399431414,0-5 (Slight),#F1C40F,7.635514,51.961741
4105101,10,1222,2.9654173486088378,1.8,20.458265139116204,0-5 (Slight),#F1C40F,7.635514,51.961741
4105101,15,1224,2.7427450980392156,1.95,9.477124183006536,0-5 (Slight),#F1C40F,7.635514,51.961741
4105101,16,1061,2.238746465598492,1.67,6.974552309142319,0-5 (Slight),#F1C40F,7.635514,51.961741
4105101,17,1525,3.1497967213114753,2.5,14.754098360655737,0-5 (Slight),#F1C40F,7.635514,51.961741
4105101,2,1336,2.612642215568862,1.75,18.03892215568862,0-5 (Slight),#F1C40F,7.635514,51.961741
4105101,4,1996,2.9246292585170344,1.98,14.879759519038076,0-5 (Slight),#F1C40F,7.635514,51.961741
4105101,5,1345,2.889472118959108,2.05,17.695167286245354,0-5 (Slight),#F1C40F,7.635514,51.961741
4105101,6,1077,3.0210770659238624,2.05,16.06313834726091,0-5 (Slight),#F1C40F,7.635514,51.961741
4105101,8,1066,2.2410506566604127,1.75,7.129455909943714,0-5 (Slight),#F1C40F,7.635514,51.961741
4105101,9,1051,2.07790675547098,1.35,11.98858230256898,0-5 (Slight),#F1C40F,7.635514,51.961741
4105101,E10,12,6.403333333333333,3.025,33.33333333333333,5-10 (Moderate),#E67E22,7.635514,51.961741
4105101,E4,21,0.4990476190476191,-0.07,9.523809523809524,0-5 (Slight),#F1C40F,7.635514,51.961741
4105101,E6,36,0.29833333333333334,0.05,0.0,0-5 (Slight),#F1C40F,7.635514,51.961741
4105101,E8,24,5.922083333333333,5.73,58.333333333333336,5-10 (Moderate),#E67E22,7.635514,51.961741
4105101,E81,13,1.3053846153846154,1.12,0.0,0-5 (Slight),#F1C40F,7.635514,51.961741
4105101,E82,9,0.8566666666666667,0.7,0.0,0-5 (Slight),#F1C40F,7.635514,51.961741
4105101,E83,7,1.02,0.98,0.0,0-5 (Slight),#F1C40F,7.635514,51.961741
4105101,E85,6,1.1933333333333334,0.96,0.0,0-5 (Slight),#F1C40F,7.635514,51.961741
4105101,N81,497,1.7817102615694165,2.03,4.426559356136821,0-5 (Slight),#F1C40F,7.635514,51.961741
4105101,N82,531,1.9195291902071563,1.95,5.084745762711865,0-5 (Slight),#F1C40F,7.635514,51.961741
4105101,N83,439,1.5329384965831436,1.77,2.9612756264236904,0-5 (Slight),#F1C40F,7.635514,51.961741
4105101,N85,733,1.3830968622100954,1.42,2.3192360163710775,0-5 (Slight),#F1C40F,7.635514,51.961741
4106101,11,1210,2.0858677685950413,1.15,13.553719008264462,0-5 (Slight),#F1C40F,7.635793,51.959346
4106101,E11,87,5.14551724137931,2.7,32.18390804597701,5-10 (Moderate),#E67E22,7.635793,51.959346
4106101,N84,137,1.5727737226277372,1.95,1.4598540145985401,0-5 (Slight),#F1C40F,7.635793,51.959346
4107101,10,456,1.0180482456140352,0.37,5.701754385964912,0-5 (Slight),#F1C40F,7.629511,51.9593
4107101,11,646,0.7702321981424148,0.2,4.953560371517028,0-5 (Slight),#F1C40F,7.629511,51.9593
4107101,14,201,1.6087064676616916,0.77,1.4925373134328357,0-5 (Slight),#F1C40F,7.629511,51.9593
4107101,2,432,1.8063194444444444,0.38,7.4074074074074066,0-5 (Slight),#F1C40F,7.629511,51.9593
4107101,4,332,1.2996084337349398,0.9,2.710843373493976,0-5 (Slight),#F1C40F,7.629511,51.9593
4107101,E11,2,4.470000000000001,4.470000000000001,50.0,0-5 (Slight),#F1C40F,7.629511,51.9593
4107101,N80,121,1.8529752066115703,1.78,1.6528925619834711,0-5 (Slight),#F1C40F,7.629511,51.9593
4109101,4,870,1.6403908045977014,0.2,16.436781609195403,0-5 (Slight),#F1C40F,7.638897,51.966544
4109101,E4,8,-0.90375,-0.775,0.0,< 0 (Early/On-time),#2ECC71,7.638897,51.966544
4110501,17,1055,1.245781990521327,0.67,5.971563981042654,0-5 (Slight),#F1C40F,7.63502,51.965714
4110501,4,1187,2.3661246840775063,2.3,16.175231676495365,0-5 (Slight),#F1C40F,7.63502,51.965714
4110501,E4,13,1.8246153846153845,1.57,7.6923076923076925,0-5 (Slight),#F1C40F,7.63502,51.965714
4110501,E8,18,4.924444444444444,4.29,33.33333333333333,0-5 (Slight),#F1C40F,7.63502,51.965714
4110601,6,396,2.250681818181818,1.35,13.383838383838384,0-5 (Slight),#F1C40F,7.632732,51.965567
4110601,8,338,2.2000887573964496,1.29,12.1301775147929,0-5 (Slight),#F1C40F,7.632732,51.965567
4110601,N82,64,2.37578125,3.2750000000000004,4.6875,0-5 (Slight),#F1C40F,7.632732,51.965567
4112101,6,487,2.36088295687885,0.63,14.168377823408623,0-5 (Slight),#F1C40F,7.630073,51.967773
4112101,8,472,1.8099788135593222,0.44,10.16949152542373,0-5 (Slight),#F1C40F,7.630073,51.967773
4112101,E6,5,1.22,0.32,0.0,0-5 (Slight),#F1C40F,7.630073,51.967773
4112101,N82,179,1.3559217877094973,0.4,2.793296089385475,0-5 (Slight),#F1C40F,7.630073,51.967773
4113101,6,504,3.040238095238095,1.47,17.46031746031746,0-5 (Slight),#F1C40F,7.631164,51.969909
4113101,8,510,2.3161372549019608,1.37,11.96078431372549,0-5 (Slight),#F1C40F,7.631164,51.969909
4113101,E6,4,4.25,4.25,0.0,0-5 (Slight),#F1C40F,7.631164,51.969909
4113101,E82,5,2.1,2.17,0.0,0-5 (Slight),#F1C40F,7.631164,51.969909
4113101,N82,195,1.5518461538461539,1.35,4.615384615384616,0-5 (Slight),#F1C40F,7.631164,51.969909
4114101,17,208,2.909615384615385,3.3099999999999996,7.211538461538461,0-5 (Slight),#F1C40F,7.634208,51.969836
4114101,E8,8,5.90375,5.4,87.5,5-10 (Moderate),#E67E22,7.634208,51.969836
4116101,17,613,2.3160358890701467,1.9,9.787928221859707,0-5 (Slight),#F1C40F,7.6355,51.972539
4116101,6,608,1.9868092105263158,-0.07500000000000001,10.032894736842106,0-5 (Slight),#F1C40F,7.6355,51.972539
4116101,8,632,1.4748101265822786,-0.5,6.329113924050633,0-5 (Slight),#F1C40F,7.6355,51.972539
4116101,E12,15,-0.07,0.0,0.0,< 0 (Early/On-time),#2ECC71,7.6355,51.972539
4116101,E6,5,2.9560000000000004,4.32,20.0,0-5 (Slight),#F1C40F,7.6355,51.972539
4116101,E8,26,5.028846153846154,4.645,50.0,5-10 (Moderate),#E67E22,7.6355,51.972539
4116101,E82,4,1.49,0.44499999999999995,25.0,0-5 (Slight),#F1C40F,7.6355,51.972539
4116101,N82,162,2.098641975308642,2.66,19.753086419753085,0-5 (Slight),#F1C40F,7.6355,51.972539
4117101,6,1008,2.882281746031746,2.07,19.543650793650794,0-5 (Slight),#F1C40F,7.632421,51.972282
4117101,8,1061,2.1546088595664465,1.83,12.158341187558905,0-5 (Slight),#F1C40F,7.632421,51.972282
4117101,E6,18,3.7977777777777777,3.0149999999999997,33.33333333333333,0-5 (Slight),#F1C40F,7.632421,51.972282
4117101,E82,10,0.9259999999999999,0.94,0.0,0-5 (Slight),#F1C40F,7.632421,51.972282
4117101,N82,373,1.7025737265415548,1.28,8.310991957104557,0-5 (Slight),#F1C40F,7.632421,51.972282
4120101,E5,18,0.2494444444444444,0.0,0.0,0-5 (Slight),#F1C40F,7.627427,51.974334
4120101,E8,13,4.646153846153846,3.47,46.15384615384615,0-5 (Slight),#F1C40F,7.627427,51.974334
4121101,15,300,4.5975,3.79,15.666666666666668,0-5 (Slight),#F1C40F,7.622308,51.97477
4121101,16,309,3.8816504854368934,3.48,14.563106796116504,0-5 (Slight),#F1C40F,7.622308,51.97477
4121101,E5,53,8.89245283018868,10.0,83.01886792452831,5-10 (Moderate),#E67E22,7.622308,51.97477
4121101,E8,6,7.109999999999999,6.994999999999999,50.0,5-10 (Moderate),#E67E22,7.622308,51.97477
4121101,E81,3,4.223333333333334,4.48,0.0,0-5 (Slight),#F1C40F,7.622308,51.97477
4121101,N81,93,3.511075268817204,4.1,4.301075268817205,0-5 (Slight),#F1C40F,7.622308,51.97477
4122001,15,800,3.2122,2.12,22.5,0-5 (Slight),#F1C40F,7.623107,51.972618
4122001,16,584,3.1211301369863014,1.47,21.746575342465754,0-5 (Slight),#F1C40F,7.623107,51.972618
4122001,E5,20,6.0225,5.775,65.0,5-10 (Moderate),#E67E22,7.623107,51.972618
4122001,E8,26,3.3196153846153846,2.205,26.923076923076923,0-5 (Slight),#F1C40F,7.623107,51.972618
4122001,E81,8,0.56,0.07500000000000001,0.0,0-5 (Slight),#F1C40F,7.623107,51.972618
4122001,N81,195,0.9994358974358976,0.08,2.051282051282051,0-5 (Slight),#F1C40F,7.623107,51.972618
4123101,15,1300,2.3050615384615383,0.55,19.230769230769234,0-5 (Slight),#F1C40F,7.616933,51.974553
4123101,16,1383,1.7805133767172812,0.55,12.147505422993492,0-5 (Slight),#F1C40F,7.616933,51.974553
4123101,E81,7,2.244285714285714,1.85,0.0,0-5 (Slight),#F1C40F,7.616933,51.974553
4123101,N81,327,1.4536085626911315,1.62,2.1406727828746175,0-5 (Slight),#F1C40F,7.616933,51.974553
4125001,15,648,1.9313425925925927,0.98,14.04320987654321,0-5 (Slight),#F1C40F,7.612489,51.974892
4125001,16,640,1.454,0.52,10.0,0-5 (Slight),#F1C40F,7.612489,51.974892
4125001,9,242,2.0619421487603304,1.02,15.289256198347106,0-5 (Slight),#F1C40F,7.612489,51.974892
4125001,E81,3,1.2866666666666668,1.28,0.0,0-5 (Slight),#F1C40F,7.612489,51.974892
4125001,N81,329,1.6915197568389058,1.23,9.72644376899696,0-5 (Slight),#F1C40F,7.612489,51.974892
4126001,9,1084,2.359667896678967,1.22,14.575645756457565,0-5 (Slight),#F1C40F,7.612613,51.97188
4127101,15,805,2.695950310559006,1.43,18.13664596273292,0-5 (Slight),#F1C40F,7.622248,51.969937
4127101,16,902,1.963991130820399,1.33,11.973392461197339,0-5 (Slight),#F1C40F,7.622248,51.969937
4127101,E5,5,3.182,3.2,20.0,0-5 (Slight),#F1C40F,7.622248,51.969937
4127101,E8,13,4.573076923076924,2.35,46.15384615384615,0-5 (Slight),#F1C40F,7.622248,51.969937
4127101,E81,6,1.7316666666666667,1.025,16.666666666666664,0-5 (Slight),#F1C40F,7.622248,51.969937
4127101,N81,302,1.6609602649006623,1.275,6.291390728476822,0-5 (Slight),#F1C40F,7.622248,51.969937
4128101,15,1047,2.1799904489016235,0.93,11.174785100286533,0-5 (Slight),#F1C40F,7.623292,51.967382
4128101,16,1051,1.802359657469077,0.77,7.897240723120837,0-5 (Slight),#F1C40F,7.623292,51.967382
4128101,E5,26,4.525769230769231,4.4399999999999995,34.61538461538461,0-5 (Slight),#F1C40F,7.623292,51.967382
4128101,E8,13,6.681538461538461,7.77,61.53846153846154,5-10 (Moderate),#E67E22,7.623292,51.967382
4128101,E81,4,2.1825,2.1900000000000004,0.0,0-5 (Slight),#F1C40F,7.623292,51.967382
4128101,N81,395,1.4792151898734176,1.1,6.329113924050633,0-5 (Slight),#F1C40F,7.623292,51.967382
4129101,1,273,3.071794871794872,2.67,19.78021978021978,0-5 (Slight),#F1C40F,7.626991,51.965358
4129101,15,802,3.0971197007481295,3.02,17.830423940149625,0-5 (Slight),#F1C40F,7.626991,51.965358
4129101,16,704,2.3802130681818183,1.85,13.352272727272727,0-5 (Slight),#F1C40F,7.626991,51.965358
4129101,5,960,3.683020833333333,2.78,21.041666666666668,0-5 (Slight),#F1C40F,7.626991,51.965358
4129101,9,192,3.3822395833333334,2.74,25.520833333333332,0-5 (Slight),#F1C40F,7.626991,51.965358
4129101,E6,16,0.40624999999999994,0.41500000000000004,0.0,0-5 (Slight),#F1C40F,7.626991,51.965358
4129101,E8,12,1.2808333333333333,0.125,0.0,0-5 (Slight),#F1C40F,7.626991,51.965358
4129101,E81,2,2.705,2.705,0.0,0-5 (Slight),#F1C40F,7.626991,51.965358
4129101,E85,2,-0.735,-0.735,0.0,< 0 (Early/On-time),#2ECC71,7.626991,51.965358
4129101,N81,184,2.5161413043478262,3.3,7.065217391304348,0-5 (Slight),#F1C40F,7.626991,51.965358
4129101,N85,329,2.3558966565349544,0.55,10.638297872340425,0-5 (Slight),#F1C40F,7.626991,51.965358
4132101,1,381,3.1406561679790026,2.32,19.94750656167979,0-5 (Slight),#F1C40F,7.619675,51.966744
4132101,5,1879,2.391436934539649,1.33,14.10324640766365,0-5 (Slight),#F1C40F,7.619675,51.966744
4132101,9,286,2.8474125874125873,1.025,18.88111888111888,0-5 (Slight),#F1C40F,7.619675,51.966744
4132101,E5,23,3.5921739130434784,3.08,21.73913043478261,0-5 (Slight),#F1C40F,7.619675,51.966744
4132101,E6,30,-0.13866666666666666,0.2,0.0,< 0 (Early/On-time),#2ECC71,7.619675,51.966744
4132101,E85,4,2.3875,2.3899999999999997,0.0,0-5 (Slight),#F1C40F,7.619675,51.966744
4132101,N85,728,1.8520054945054945,1.65,4.945054945054945,0-5 (Slight),#F1C40F,7.619675,51.966744
4133101,9,724,2.3636325966850826,1.24,14.502762430939226,0-5 (Slight),#F1C40F,7.614161,51.968205
4133101,E85,8,1.215,1.25,0.0,0-5 (Slight),#F1C40F,7.614161,51.968205
4133101,N85,237,1.8005063291139243,1.12,16.033755274261605,0-5 (Slight),#F1C40F,7.614161,51.968205
4134101,6,394,2.5300761421319797,0.3,15.989847715736042,0-5 (Slight),#F1C40F,7.628983,51.965122
4134101,8,450,1.3088000000000002,0.27,8.88888888888889,0-5 (Slight),#F1C40F,7.628983,51.965122
4134101,E6,11,3.2218181818181817,1.42,45.45454545454545,0-5 (Slight),#F1C40F,7.628983,51.965122
4134101,E82,2,-0.775,-0.775,0.0,< 0 (Early/On-time),#2ECC71,7.628983,51.965122
4134101,N82,62,3.6990322580645163,3.97,3.225806451612903,0-5 (Slight),#F1C40F,7.628983,51.965122
4135101,1,885,2.4935254237288134,1.47,9.943502824858758,0-5 (Slight),#F1C40F,7.612854,51.967257
4135101,5,880,3.1893181818181815,2.16,20.56818181818182,0-5 (Slight),#F1C40F,7.612854,51.967257
4135101,E5,16,3.276875,2.625,25.0,0-5 (Slight),#F1C40F,7.612854,51.967257
4136101,11,1142,2.6945008756567423,1.73,15.499124343257442,0-5 (Slight),#F1C40F,7.615494,51.962008
4136101,12,27,3.9174074074074072,2.23,37.03703703703704,0-5 (Slight),#F1C40F,7.615494,51.962008
4136101,E11,9,2.0877777777777777,2.47,11.11111111111111,0-5 (Slight),#F1C40F,7.615494,51.962008
4136101,E80,7,0.9985714285714286,0.6,0.0,0-5 (Slight),#F1C40F,7.615494,51.962008
4136101,N80,170,1.9518823529411764,2.12,4.117647058823529,0-5 (Slight),#F1C40F,7.615494,51.962008
4140101,10,716,2.9064106145251394,2.2,9.916201117318437,0-5 (Slight),#F1C40F,7.621474,51.958534
4140101,11,138,4.3426086956521734,2.34,43.47826086956522,0-5 (Slight),#F1C40F,7.621474,51.958534
4140101,12,13,4.015384615384615,1.77,30.76923076923077,0-5 (Slight),#F1C40F,7.621474,51.958534
4140101,14,462,2.0382900432900435,1.87,7.575757575757576,0-5 (Slight),#F1C40F,7.621474,51.958534
4140101,2,687,3.332401746724891,2.65,9.024745269286754,0-5 (Slight),#F1C40F,7.621474,51.958534
4140101,4,1273,2.8857659073055775,2.03,17.596229379418695,0-5 (Slight),#F1C40F,7.621474,51.958534
4140101,E10,8,7.4425,6.640000000000001,75.0,5-10 (Moderate),#E67E22,7.621474,51.958534
4140101,E11,1,3.57,3.57,0.0,0-5 (Slight),#F1C40F,7.621474,51.958534
4140101,E15,6,5.760000000000001,4.35,33.33333333333333,5-10 (Moderate),#E67E22,7.621474,51.958534
4140101,E8,11,0.38272727272727275,0.3,0.0,0-5 (Slight),#F1C40F,7.621474,51.958534
4140101,E80,2,2.195,2.195,0.0,0-5 (Slight),#F1C40F,7.621474,51.958534
4140101,N80,18,2.3844444444444446,2.15,5.555555555555555,0-5 (Slight),#F1C40F,7.621474,51.958534
4141101,10,138,3.4829710144927533,3.2,20.28985507246377,0-5 (Slight),#F1C40F,7.621243,51.955285
4141101,11,201,3.6075124378109455,3.22,19.900497512437813,0-5 (Slight),#F1C40F,7.621243,51.955285
4141101,12,9,3.1666666666666665,2.92,0.0,0-5 (Slight),#F1C40F,7.621243,51.955285
4141101,14,132,3.6300000000000003,2.375,18.939393939393938,0-5 (Slight),#F1C40F,7.621243,51.955285
4141101,15,1353,2.477671840354767,1.7,21.507760532150776,0-5 (Slight),#F1C40F,7.621243,51.955285
4141101,16,1390,1.853179856115108,1.66,12.805755395683452,0-5 (Slight),#F1C40F,7.621243,51.955285
4141101,2,130,3.3694615384615383,3.14,17.692307692307693,0-5 (Slight),#F1C40F,7.621243,51.955285
4141101,4,178,5.358595505617978,4.02,32.02247191011236,5-10 (Moderate),#E67E22,7.621243,51.955285
4141101,7,5,1.3199999999999998,1.52,0.0,0-5 (Slight),#F1C40F,7.621243,51.955285
4141101,E10,69,1.9468115942028987,1.75,11.594202898550725,0-5 (Slight),#F1C40F,7.621243,51.955285
4141101,E11,5,4.768,5.75,60.0,0-5 (Slight),#F1C40F,7.621243,51.955285
4141101,E8,11,5.637272727272727,5.8,81.81818181818183,5-10 (Moderate),#E67E22,7.621243,51.955285
4141101,E80,16,-0.024375,0.01,0.0,< 0 (Early/On-time),#2ECC71,7.621243,51.955285
4141101,E84,2,0.9550000000000001,0.9550000000000001,0.0,0-5 (Slight),#F1C40F,7.621243,51.955285
4141101,N80,61,0.4139344262295082,0.12,1.639344262295082,0-5 (Slight),#F1C40F,7.621243,51.955285
4141101,N83,338,0.28695266272189346,0.060000000000000005,0.591715976331361,0-5 (Slight),#F1C40F,7.621243,51.955285
4141101,N84,209,2.064066985645933,2.9,3.827751196172249,0-5 (Slight),#F1C40F,7.621243,51.955285
4142102,10,680,1.676764705882353,1.08,11.617647058823529,0-5 (Slight),#F1C40F,7.618968,51.954954
4142102,2,607,2.5174135090609555,1.22,22.075782537067546,0-5 (Slight),#F1C40F,7.618968,51.954954
4142102,E10,11,5.737272727272727,4.27,45.45454545454545,5-10 (Moderate),#E67E22,7.618968,51.954954
4142102,E15,13,6.03076923076923,5.97,53.84615384615385,5-10 (Moderate),#E67E22,7.618968,51.954954
4142102,E8,5,1.5959999999999999,2.13,0.0,0-5 (Slight),#F1C40F,7.618968,51.954954
4142102,N83,309,0.7488349514563107,0.72,0.9708737864077669,0-5 (Slight),#F1C40F,7.618968,51.954954
4143201,10,199,3.2954271356783917,2.07,26.633165829145728,0-5 (Slight),#F1C40F,7.617824,51.956131
4143201,2,180,3.7720000000000002,2.41,30.555555555555557,0-5 (Slight),#F1C40F,7.617824,51.956131
4143201,E10,5,6.029999999999999,7.02,80.0,5-10 (Moderate),#E67E22,7.617824,51.956131
4143201,E8,6,5.6000000000000005,3.9000000000000004,33.33333333333333,5-10 (Moderate),#E67E22,7.617824,51.956131
4143201,N83,45,2.667111111111111,3.02,0.0,0-5 (Slight),#F1C40F,7.617824,51.956131
4144101,14,487,1.286283367556468,0.92,5.544147843942506,0-5 (Slight),#F1C40F,7.616252,51.957676
4145101,14,482,1.5831742738589212,0.725,8.921161825726141,0-5 (Slight),#F1C40F,7.612458,51.959644
4146101,14,1081,8.93076780758557,0.33,31.267345050878813,5-10 (Moderate),#E67E22,7.618913,51.957466
4147202,1,1042,1.626823416506718,1.33,7.293666026871401,0-5 (Slight),#F1C40F,7.616201,51.966642
4147202,5,710,2.808887323943662,1.19,30.28169014084507,0-5 (Slight),#F1C40F,7.616201,51.966642
4147202,9,793,1.602799495586381,0.52,11.475409836065573,0-5 (Slight),#F1C40F,7.616201,51.966642
4147202,E5,10,5.712999999999999,7.18,60.0,5-10 (Moderate),#E67E22,7.616201,51.966642
4147202,N85,80,2.507,2.48,0.0,0-5 (Slight),#F1C40F,7.616201,51.966642
4148101,1,760,1.5835263157894737,0.33,4.605263157894736,0-5 (Slight),#F1C40F,7.619592,51.96162
4148101,11,1359,2.2143267108167772,0.43,11.77336276674025,0-5 (Slight),#F1C40F,7.619592,51.96162
4148101,12,38,3.8410526315789477,4.09,34.21052631578947,0-5 (Slight),#F1C40F,7.619592,51.96162
4148101,9,563,2.0825577264653643,0.3,11.72291296625222,0-5 (Slight),#F1C40F,7.619592,51.96162
4148101,E11,7,3.7914285714285714,3.57,28.57142857142857,0-5 (Slight),#F1C40F,7.619592,51.96162
4148101,E8,1,2.7,2.7,0.0,0-5 (Slight),#F1C40F,7.619592,51.96162
4148101,E80,9,0.006666666666666664,0.15,0.0,0-5 (Slight),#F1C40F,7.619592,51.96162
4148101,N80,234,2.121239316239316,2.15,4.273504273504273,0-5 (Slight),#F1C40F,7.619592,51.96162
4148601,10,350,2.0638285714285716,1.18,15.428571428571427,0-5 (Slight),#F1C40F,7.616084,51.954777
4148601,2,366,1.9767486338797815,1.17,14.48087431693989,0-5 (Slight),#F1C40F,7.616084,51.954777
4148601,E10,6,1.7783333333333333,1.0350000000000001,16.666666666666664,0-5 (Slight),#F1C40F,7.616084,51.954777
4148601,E8,8,7.16375,7.775,62.5,5-10 (Moderate),#E67E22,7.616084,51.954777
4148601,N83,46,1.8673913043478263,1.98,0.0,0-5 (Slight),#F1C40F,7.616084,51.954777
4149101,17,269,1.6421561338289963,0.53,2.2304832713754648,0-5 (Slight),#F1C40F,7.636378,51.983787
4149501,17,446,2.01804932735426,0.45,11.434977578475337,0-5 (Slight),#F1C40F,7.635542,51.980432
4150101,17,432,1.8719212962962961,1.24,8.101851851851851,0-5 (Slight),#F1C40F,7.633242,51.985758
4151101,17,713,2.039382889200561,0.68,9.957924263674615,0-5 (Slight),#F1C40F,7.631816,51.983783
4152101,17,739,1.7615832205683355,1.1,10.284167794316645,0-5 (Slight),#F1C40F,7.635988,51.976312
4153102,17,610,1.6892786885245903,0.37,8.032786885245901,0-5 (Slight),#F1C40F,7.637829,51.984417
4192302,1,429,1.3914918414918416,0.92,9.324009324009324,0-5 (Slight),#F1C40F,7.626112,51.960409
4192302,10,436,2.8786009174311924,2.05,14.908256880733944,0-5 (Slight),#F1C40F,7.626112,51.960409
4192302,11,473,2.9583932346723043,2.12,14.16490486257928,0-5 (Slight),#F1C40F,7.626112,51.960409
4192302,12,15,7.998,6.58,53.333333333333336,5-10 (Moderate),#E67E22,7.626112,51.960409
4192302,14,736,0.9738858695652174,0.88,1.9021739130434785,0-5 (Slight),#F1C40F,7.626112,51.960409
4192302,2,409,3.1460635696821515,2.2,21.026894865525673,0-5 (Slight),#F1C40F,7.626112,51.960409
4192302,4,551,3.891506352087114,3.18,15.245009074410163,0-5 (Slight),#F1C40F,7.626112,51.960409
4192302,9,371,1.0928301886792453,0.42,7.277628032345014,0-5 (Slight),#F1C40F,7.626112,51.960409
4192302,E10,9,6.427777777777778,5.23,77.77777777777779,5-10 (Moderate),#E67E22,7.626112,51.960409
4192302,E15,5,6.973999999999999,7.05,60.0,5-10 (Moderate),#E67E22,7.626112,51.960409
4192302,N80,237,0.3421097046413502,0.15,2.5316455696202533,0-5 (Slight),#F1C40F,7.626112,51.960409
4194001,1,649,1.9240061633281973,1.45,6.163328197226503,0-5 (Slight),#F1C40F,7.622976,51.961013
4194001,10,720,2.2344999999999997,0.38,11.666666666666666,0-5 (Slight),#F1C40F,7.622976,51.961013
4194001,11,1231,1.976060113728676,0.25,10.804224207961008,0-5 (Slight),#F1C40F,7.622976,51.961013
4194001,12,13,6.716923076923077,4.63,38.46153846153847,5-10 (Moderate),#E67E22,7.622976,51.961013
4194001,14,472,1.4733050847457627,1.26,2.9661016949152543,0-5 (Slight),#F1C40F,7.622976,51.961013
4194001,2,744,2.3154032258064516,0.45999999999999996,11.021505376344086,0-5 (Slight),#F1C40F,7.622976,51.961013
4194001,4,834,3.1511510791366906,3.45,7.194244604316546,0-5 (Slight),#F1C40F,7.622976,51.961013
4194001,9,495,1.7506868686868688,0.93,10.909090909090908,0-5 (Slight),#F1C40F,7.622976,51.961013
4194001,E10,2,3.25,3.25,50.0,0-5 (Slight),#F1C40F,7.622976,51.961013
4194001,E11,3,3.36,1.58,33.33333333333333,0-5 (Slight),#F1C40F,7.622976,51.961013
4194001,E15,5,7.218000000000001,3.28,20.0,5-10 (Moderate),#E67E22,7.622976,51.961013
4194001,E8,10,0.40499999999999997,0.085,0.0,0-5 (Slight),#F1C40F,7.622976,51.961013
4194001,E80,8,1.0375,1.0750000000000002,0.0,0-5 (Slight),#F1C40F,7.622976,51.961013
4194001,N80,241,1.6352697095435687,0.98,2.904564315352697,0-5 (Slight),#F1C40F,7.622976,51.961013
4196201,6,132,1.8133333333333335,1.12,6.0606060606060606,0-5 (Slight),#F1C40F,7.631403,51.966718
4196201,8,129,1.9027131782945736,1.23,3.875968992248062,0-5 (Slight),#F1C40F,7.631403,51.966718
4196201,N82,86,0.47186046511627905,0.325,3.488372093023256,0-5 (Slight),#F1C40F,7.631403,51.966718
4197101,10,232,1.930948275862069,0.41000000000000003,6.0344827586206895,0-5 (Slight),#F1C40F,7.628758,51.96096
4197101,11,350,2.2936285714285716,2.75,7.428571428571429,0-5 (Slight),#F1C40F,7.628758,51.96096
4197101,14,309,2.0558252427184467,2.17,4.854368932038835,0-5 (Slight),#F1C40F,7.628758,51.96096
4197101,2,214,2.415046728971963,2.72,9.813084112149532,0-5 (Slight),#F1C40F,7.628758,51.96096
4197101,4,333,2.7914414414414415,2.48,10.21021021021021,0-5 (Slight),#F1C40F,7.628758,51.96096
4197101,E11,7,3.4814285714285718,0.83,42.857142857142854,0-5 (Slight),#F1C40F,7.628758,51.96096
4197101,E80,3,0.7333333333333334,0.68,0.0,0-5 (Slight),#F1C40F,7.628758,51.96096
4197101,N80,121,1.1960330578512397,0.97,4.132231404958678,0-5 (Slight),#F1C40F,7.628758,51.96096
4198201,10,307,2.6861889250814333,2.15,16.286644951140065,0-5 (Slight),#F1C40F,7.631279,51.957156
4198201,11,473,2.7156236786469345,1.93,10.359408033826638,0-5 (Slight),#F1C40F,7.631279,51.957156
4198201,2,347,2.4402305475504322,2.12,12.103746397694524,0-5 (Slight),#F1C40F,7.631279,51.957156
4198201,4,730,1.5864931506849316,1.03,9.178082191780822,0-5 (Slight),#F1C40F,7.631279,51.957156
4198201,E11,4,5.675,6.55,50.0,5-10 (Moderate),#E67E22,7.631279,51.957156
4198201,N80,73,3.157260273972603,3.25,2.73972602739726,0-5 (Slight),#F1C40F,7.631279,51.957156
4200101,19,313,3.0266134185303515,2.1,14.057507987220447,0-5 (Slight),#F1C40F,7.638624,51.994562
4201001,19,305,1.2708852459016393,1.53,0.32786885245901637,0-5 (Slight),#F1C40F,7.639411,51.994333
4201001,6,6134,1.0778725138571894,0.0,8.232800782523638,0-5 (Slight),#F1C40F,7.639411,51.994333
4201001,8,6168,0.4878809987029831,0.0,3.3560311284046693,0-5 (Slight),#F1C40F,7.639411,51.994333
4201001,E6,20,4.573,5.42,65.0,0-5 (Slight),#F1C40F,7.639411,51.994333
4201001,E8,37,1.2100000000000002,0.95,8.108108108108109,0-5 (Slight),#F1C40F,7.639411,51.994333
4201001,E82,4,1.1925,1.21,0.0,0-5 (Slight),#F1C40F,7.639411,51.994333
4201001,N82,199,1.9867336683417085,1.73,10.050251256281408,0-5 (Slight),#F1C40F,7.639411,51.994333
4201501,6,43,1.1362790697674419,0.0,0.0,0-5 (Slight),#F1C40F,7.634866,51.996308
4202101,19,74,1.1413513513513514,0.935,4.054054054054054,0-5 (Slight),#F1C40F,7.647176,51.997368
4202101,6,832,2.164471153846154,1.15,11.177884615384617,0-5 (Slight),#F1C40F,7.647176,51.997368
4202101,8,761,1.5601576872536136,1.1,5.781865965834428,0-5 (Slight),#F1C40F,7.647176,51.997368
4202101,E6,7,6.181428571428571,4.88,42.857142857142854,5-10 (Moderate),#E67E22,7.647176,51.997368
4202101,E8,20,1.6484999999999999,0.35,20.0,0-5 (Slight),#F1C40F,7.647176,51.997368
4202101,E82,2,1.5,1.5,0.0,0-5 (Slight),#F1C40F,7.647176,51.997368
4202101,N82,120,1.8425,3.41,2.5,0-5 (Slight),#F1C40F,7.647176,51.997368
4203101,19,26,1.9188461538461539,1.9249999999999998,0.0,0-5 (Slight),#F1C40F,7.649781,51.997968
4203101,6,412,2.018883495145631,0.32,12.135922330097088,0-5 (Slight),#F1C40F,7.649781,51.997968
4203101,8,419,0.9927207637231503,0.27,3.1026252983293556,0-5 (Slight),#F1C40F,7.649781,51.997968
4203101,E6,3,3.3333333333333335,4.6,33.33333333333333,0-5 (Slight),#F1C40F,7.649781,51.997968
4203101,E8,10,3.3600000000000003,2.945,10.0,0-5 (Slight),#F1C40F,7.649781,51.997968
4203101,E82,4,2.6525,2.65,0.0,0-5 (Slight),#F1C40F,7.649781,51.997968
4203101,N82,132,2.533409090909091,2.63,12.878787878787879,0-5 (Slight),#F1C40F,7.649781,51.997968
4203501,19,124,3.087258064516129,2.09,22.58064516129032,0-5 (Slight),#F1C40F,7.656021,51.996205
4203501,E12,13,3.423846153846154,3.65,0.0,0-5 (Slight),#F1C40F,7.656021,51.996205
4203501,E82,6,1.1433333333333333,1.94,0.0,0-5 (Slight),#F1C40F,7.656021,51.996205
4203501,N82,400,1.5843,1.05,7.5,0-5 (Slight),#F1C40F,7.656021,51.996205
4204001,19,294,1.5694217687074832,1.06,9.183673469387756,0-5 (Slight),#F1C40F,7.649239,51.992924
4204001,6,623,2.681508828250401,2.03,12.841091492776885,0-5 (Slight),#F1C40F,7.649239,51.992924
4204001,8,626,2.2352396166134185,2.02,7.0287539936102235,0-5 (Slight),#F1C40F,7.649239,51.992924
4204001,E12,20,3.4160000000000004,1.105,25.0,0-5 (Slight),#F1C40F,7.649239,51.992924
4204001,E6,5,4.0200000000000005,2.25,40.0,0-5 (Slight),#F1C40F,7.649239,51.992924
4204001,E8,24,1.2750000000000001,0.96,4.166666666666666,0-5 (Slight),#F1C40F,7.649239,51.992924
4204001,E82,1,2.87,2.87,0.0,0-5 (Slight),#F1C40F,7.649239,51.992924
4204001,N82,184,0.865108695652174,-0.61,5.978260869565218,0-5 (Slight),#F1C40F,7.649239,51.992924
4205101,6,499,1.6920841683366734,0.23,8.817635270541082,0-5 (Slight),#F1C40F,7.648012,51.988133
4205101,8,477,1.1078616352201258,0.25,5.870020964360587,0-5 (Slight),#F1C40F,7.648012,51.988133
4205101,E12,7,4.5842857142857145,3.87,14.285714285714285,0-5 (Slight),#F1C40F,7.648012,51.988133
4205101,E6,5,3.272,5.05,60.0,0-5 (Slight),#F1C40F,7.648012,51.988133
4205101,E8,17,3.2464705882352938,2.93,5.88235294117647,0-5 (Slight),#F1C40F,7.648012,51.988133
4205101,E82,1,0.25,0.25,0.0,0-5 (Slight),#F1C40F,7.648012,51.988133
4205101,N82,95,1.8257894736842104,0.47,13.684210526315791,0-5 (Slight),#F1C40F,7.648012,51.988133
4206101,19,255,2.87278431372549,2.32,13.725490196078432,0-5 (Slight),#F1C40F,7.653437,51.994237
4206101,6,760,2.3493552631578947,0.81,12.105263157894736,0-5 (Slight),#F1C40F,7.653437,51.994237
4206101,8,856,1.543609813084112,0.33,6.658878504672897,0-5 (Slight),#F1C40F,7.653437,51.994237
4206101,E12,22,1.6804545454545454,0.31,9.090909090909092,0-5 (Slight),#F1C40F,7.653437,51.994237
4206101,E6,8,2.23,1.1400000000000001,25.0,0-5 (Slight),#F1C40F,7.653437,51.994237
4206101,E8,27,2.4007407407407406,2.05,7.4074074074074066,0-5 (Slight),#F1C40F,7.653437,51.994237
4207101,6,538,2.2778624535315983,0.3,16.54275092936803,0-5 (Slight),#F1C40F,7.646156,51.982687
4207101,8,643,1.4400622083981338,0.2,9.331259720062208,0-5 (Slight),#F1C40F,7.646156,51.982687
4207101,E12,8,-0.125,-0.06,0.0,< 0 (Early/On-time),#2ECC71,7.646156,51.982687
4207101,E6,3,4.3133333333333335,5.95,66.66666666666666,0-5 (Slight),#F1C40F,7.646156,51.982687
4207101,E8,19,3.1457894736842102,2.88,10.526315789473683,0-5 (Slight),#F1C40F,7.646156,51.982687
4207101,E82,6,1.1416666666666666,1.1949999999999998,0.0,0-5 (Slight),#F1C40F,7.646156,51.982687
4207101,N82,200,2.0009,1.25,16.5,0-5 (Slight),#F1C40F,7.646156,51.982687
4208101,6,459,2.983899782135076,2.3,13.507625272331156,0-5 (Slight),#F1C40F,7.644552,51.980085
4208101,8,493,2.0797768762677484,1.23,6.896551724137931,0-5 (Slight),#F1C40F,7.644552,51.980085
4208101,E12,22,1.2713636363636363,1.29,0.0,0-5 (Slight),#F1C40F,7.644552,51.980085
4208101,E6,6,3.6966666666666668,2.17,33.33333333333333,0-5 (Slight),#F1C40F,7.644552,51.980085
4208101,E8,14,3.011428571428571,2.29,7.142857142857142,0-5 (Slight),#F1C40F,7.644552,51.980085
4208101,E82,2,2.11,2.11,0.0,0-5 (Slight),#F1C40F,7.644552,51.980085
4208101,N82,189,1.5727513227513228,1.07,7.936507936507936,0-5 (Slight),#F1C40F,7.644552,51.980085
4209101,6,608,3.063980263157895,2.17,15.789473684210526,0-5 (Slight),#F1C40F,7.642509,51.977243
4209101,8,626,2.542252396166134,2.17,7.827476038338658,0-5 (Slight),#F1C40F,7.642509,51.977243
4209101,E12,8,3.3175,1.05,25.0,0-5 (Slight),#F1C40F,7.642509,51.977243
4209101,E6,9,4.733333333333333,3.15,33.33333333333333,0-5 (Slight),#F1C40F,7.642509,51.977243
4209101,E8,19,3.011578947368421,1.37,26.31578947368421,0-5 (Slight),#F1C40F,7.642509,51.977243
4209101,E82,4,3.175,3.16,0.0,0-5 (Slight),#F1C40F,7.642509,51.977243
4209101,N82,385,0.9318441558441558,0.13,1.5584415584415585,0-5 (Slight),#F1C40F,7.642509,51.977243
4210101,6,825,2.3367272727272725,1.07,14.909090909090908,0-5 (Slight),#F1C40F,7.640297,51.974587
4210101,8,791,1.955006321112516,1.08,12.262958280657395,0-5 (Slight),#F1C40F,7.640297,51.974587
4210101,E12,46,2.7671739130434783,2.7249999999999996,17.391304347826086,0-5 (Slight),#F1C40F,7.640297,51.974587
4210101,E6,2,4.35,4.35,0.0,0-5 (Slight),#F1C40F,7.640297,51.974587
4210101,E8,41,3.8651219512195123,3.67,14.634146341463413,0-5 (Slight),#F1C40F,7.640297,51.974587
4210101,E82,2,1.2850000000000001,1.2850000000000001,0.0,0-5 (Slight),#F1C40F,7.640297,51.974587
4210101,N82,121,3.3133057851239673,3.97,6.6115702479338845,0-5 (Slight),#F1C40F,7.640297,51.974587
4211101,4,685,3.515211678832117,2.27,19.854014598540147,0-5 (Slight),#F1C40F,7.669912,51.998901
4211101,E12,14,4.099285714285714,2.45,21.428571428571427,0-5 (Slight),#F1C40F,7.669912,51.998901
4211101,E4,4,6.99,6.1,75.0,5-10 (Moderate),#E67E22,7.669912,51.998901
4211301,4,453,2.7837527593818985,1.97,17.439293598233995,0-5 (Slight),#F1C40F,7.671944,51.999393
4211301,N82,4,2.0749999999999997,1.14,25.0,0-5 (Slight),#F1C40F,7.671944,51.999393
4212101,19,466,2.3285407725321887,1.75,13.733905579399142,0-5 (Slight),#F1C40F,7.686592,51.992603
4212101,4,637,2.562464678178964,1.55,18.053375196232338,0-5 (Slight),#F1C40F,7.686592,51.992603
4212101,E10,39,4.910769230769231,4.7,43.58974358974359,0-5 (Slight),#F1C40F,7.686592,51.992603
4212101,N82,2,-0.62,-0.62,0.0,< 0 (Early/On-time),#2ECC71,7.686592,51.992603
4213101,19,351,2.2352706552706554,0.98,19.65811965811966,0-5 (Slight),#F1C40F,7.678673,51.988357
4213101,4,501,2.4441117764471056,0.9,21.157684630738522,0-5 (Slight),#F1C40F,7.678673,51.988357
4213101,E12,28,4.36,3.46,39.285714285714285,0-5 (Slight),#F1C40F,7.678673,51.988357
4213101,E4,4,6.710000000000001,6.65,75.0,5-10 (Moderate),#E67E22,7.678673,51.988357
4213101,N82,1,-0.4,-0.4,0.0,< 0 (Early/On-time),#2ECC71,7.678673,51.988357
4214101,19,349,1.9232664756446993,0.15,18.911174785100286,0-5 (Slight),#F1C40F,7.673915,51.988438
4214101,4,362,3.065939226519337,2.72,19.88950276243094,0-5 (Slight),#F1C40F,7.673915,51.988438
4214101,E12,12,4.969166666666667,5.6899999999999995,58.333333333333336,0-5 (Slight),#F1C40F,7.673915,51.988438
4214101,N82,1,1.6,1.6,0.0,0-5 (Slight),#F1C40F,7.673915,51.988438
4215101,19,145,2.3566206896551725,1.22,12.413793103448276,0-5 (Slight),#F1C40F,7.668431,51.987357
4215101,4,143,4.021888111888112,3.38,15.384615384615385,0-5 (Slight),#F1C40F,7.668431,51.987357
4215101,E12,7,4.13,4.52,14.285714285714285,0-5 (Slight),#F1C40F,7.668431,51.987357
4215101,E4,2,4.925,4.925,50.0,0-5 (Slight),#F1C40F,7.668431,51.987357
4215101,N82,3,1.4933333333333334,1.48,0.0,0-5 (Slight),#F1C40F,7.668431,51.987357
4216101,19,95,3.167368421052631,2.6,15.789473684210526,0-5 (Slight),#F1C40F,7.662525,51.986233
4216101,4,420,3.050785714285714,2.035,19.761904761904763,0-5 (Slight),#F1C40F,7.662525,51.986233
4216101,E12,7,5.2457142857142856,3.88,28.57142857142857,5-10 (Moderate),#E67E22,7.662525,51.986233
4216101,N82,4,2.0549999999999997,2.96,0.0,0-5 (Slight),#F1C40F,7.662525,51.986233
4217101,4,696,2.9611925287356318,2.05,19.25287356321839,0-5 (Slight),#F1C40F,7.658349,51.975737
4217101,E4,1,2.63,2.63,0.0,0-5 (Slight),#F1C40F,7.658349,51.975737
4218101,4,528,3.2101515151515154,2.8099999999999996,14.393939393939394,0-5 (Slight),#F1C40F,7.657273,51.97232
4218101,E4,3,3.5666666666666664,1.95,33.33333333333333,0-5 (Slight),#F1C40F,7.657273,51.97232
4219101,19,129,0.8364341085271318,0.2,0.7751937984496124,0-5 (Slight),#F1C40F,7.641796,51.996313
4219101,6,701,2.5632382310984307,1.83,12.125534950071327,0-5 (Slight),#F1C40F,7.641796,51.996313
4219101,8,746,2.32230563002681,1.88,10.32171581769437,0-5 (Slight),#F1C40F,7.641796,51.996313
4219101,E6,12,4.523333333333333,4.77,16.666666666666664,0-5 (Slight),#F1C40F,7.641796,51.996313
4219101,E8,29,0.7137931034482758,0.4,3.4482758620689653,0-5 (Slight),#F1C40F,7.641796,51.996313
4219101,E82,5,0.9460000000000001,0.03,0.0,0-5 (Slight),#F1C40F,7.641796,51.996313
4219101,N82,208,1.3476923076923077,0.15,9.134615384615383,0-5 (Slight),#F1C40F,7.641796,51.996313
4220001,4,946,3.109260042283298,1.95,13.31923890063425,0-5 (Slight),#F1C40F,7.656658,51.970415
4220001,E4,7,1.0971428571428572,0.43,0.0,0-5 (Slight),#F1C40F,7.656658,51.970415
4221101,4,1389,2.314053275737941,0.72,22.534197264218864,0-5 (Slight),#F1C40F,7.654338,51.967882
4221101,E4,11,0.44363636363636355,-0.8,9.090909090909092,0-5 (Slight),#F1C40F,7.654338,51.967882
4221101,E83,7,0.6914285714285714,0.08,0.0,0-5 (Slight),#F1C40F,7.654338,51.967882
4221101,N83,338,0.8753254437869823,0.22,1.7751479289940828,0-5 (Slight),#F1C40F,7.654338,51.967882
4222101,4,695,2.4697553956834533,2.02,15.971223021582734,0-5 (Slight),#F1C40F,7.651309,51.968165
4222101,E83,4,0.6375,0.65,0.0,0-5 (Slight),#F1C40F,7.651309,51.968165
4222101,N83,182,2.089010989010989,1.85,9.89010989010989,0-5 (Slight),#F1C40F,7.651309,51.968165
4223101,4,553,3.766094032549729,3.07,18.44484629294756,0-5 (Slight),#F1C40F,7.648329,51.968014
4223101,E4,5,1.848,1.6,20.0,0-5 (Slight),#F1C40F,7.648329,51.968014
4223101,E83,4,2.13,2.15,0.0,0-5 (Slight),#F1C40F,7.648329,51.968014
4223101,N83,191,2.048848167539267,2.0,8.900523560209423,0-5 (Slight),#F1C40F,7.648329,51.968014
4224001,10,4769,0.8595638498637032,0.0,6.772908366533864,0-5 (Slight),#F1C40F,7.707193,52.010927
4224001,E10,286,1.3145104895104895,0.27,8.391608391608392,0-5 (Slight),#F1C40F,7.707193,52.010927
4224001,E83,19,0.9284210526315789,0.0,0.0,0-5 (Slight),#F1C40F,7.707193,52.010927
4224001,N83,1029,0.8886880466472303,0.0,2.623906705539359,0-5 (Slight),#F1C40F,7.707193,52.010927
4224101,E12,11,4.634545454545454,2.28,27.27272727272727,0-5 (Slight),#F1C40F,7.646072,51.966769
4224101,E83,2,2.35,2.35,0.0,0-5 (Slight),#F1C40F,7.646072,51.966769
4224101,N83,245,1.510122448979592,0.18,2.4489795918367347,0-5 (Slight),#F1C40F,7.646072,51.966769
4225101,10,503,2.7815904572564616,2.05,11.530815109343937,0-5 (Slight),#F1C40F,7.709983,52.002639
4225101,E10,124,0.3768548387096774,0.0,2.4193548387096775,0-5 (Slight),#F1C40F,7.709983,52.002639
4225101,E83,2,2.0,2.0,0.0,0-5 (Slight),#F1C40F,7.709983,52.002639
4225101,N83,250,1.55196,1.15,7.6,0-5 (Slight),#F1C40F,7.709983,52.002639
4226101,10,25,0.0724,-0.18,0.0,0-5 (Slight),#F1C40F,7.716443,51.998978
4226101,19,293,3.5502389078498293,1.27,20.13651877133106,0-5 (Slight),#F1C40F,7.716443,51.998978
4226101,2,602,3.510265780730897,1.4649999999999999,27.07641196013289,0-5 (Slight),#F1C40F,7.716443,51.998978
4226101,4,45,3.4922222222222223,2.62,28.888888888888886,0-5 (Slight),#F1C40F,7.716443,51.998978
4226101,E10,61,1.9295081967213115,1.6,8.19672131147541,0-5 (Slight),#F1C40F,7.716443,51.998978
4226101,E83,7,0.3128571428571428,-0.33,0.0,0-5 (Slight),#F1C40F,7.716443,51.998978
4226101,N83,260,1.2215769230769231,0.22,6.538461538461539,0-5 (Slight),#F1C40F,7.716443,51.998978
4227101,10,18,1.1022222222222222,1.185,0.0,0-5 (Slight),#F1C40F,7.714707,51.998782
4227101,2,294,3.162482993197279,1.93,18.367346938775512,0-5 (Slight),#F1C40F,7.714707,51.998782
4227101,4,37,3.3856756756756754,3.2,13.513513513513514,0-5 (Slight),#F1C40F,7.714707,51.998782
4227101,E10,62,3.386290322580645,3.275,14.516129032258066,0-5 (Slight),#F1C40F,7.714707,51.998782
4227101,E83,9,0.9566666666666666,2.55,0.0,0-5 (Slight),#F1C40F,7.714707,51.998782
4227101,N83,200,2.4297,1.385,15.5,0-5 (Slight),#F1C40F,7.714707,51.998782
4227501,10,485,2.476865979381443,1.92,14.432989690721648,0-5 (Slight),#F1C40F,7.70938,52.005305
4227501,E10,73,1.5452054794520547,0.45,9.58904109589041,0-5 (Slight),#F1C40F,7.70938,52.005305
4227501,E83,2,1.825,1.825,50.0,0-5 (Slight),#F1C40F,7.70938,52.005305
4227501,N83,251,1.6244621513944224,1.13,10.358565737051793,0-5 (Slight),#F1C40F,7.70938,52.005305
4228101,10,555,2.292882882882883,1.17,12.072072072072073,0-5 (Slight),#F1C40F,7.709797,51.998607
4228101,2,489,2.4451329243353785,1.13,11.247443762781186,0-5 (Slight),#F1C40F,7.709797,51.998607
4228101,4,72,2.1929166666666666,1.7,6.944444444444445,0-5 (Slight),#F1C40F,7.709797,51.998607
4228101,E10,34,3.6138235294117647,3.115,20.588235294117645,0-5 (Slight),#F1C40F,7.709797,51.998607
4228101,E83,4,2.12,2.125,0.0,0-5 (Slight),#F1C40F,7.709797,51.998607
4228101,N83,143,1.881118881118881,1.67,12.587412587412588,0-5 (Slight),#F1C40F,7.709797,51.998607
4228501,10,634,1.2464195583596214,0.27,9.936908517350158,0-5 (Slight),#F1C40F,7.710834,51.996668
4228501,2,532,1.1040037593984964,0.25,9.210526315789473,0-5 (Slight),#F1C40F,7.710834,51.996668
4228501,4,107,2.184392523364486,1.05,11.214953271028037,0-5 (Slight),#F1C40F,7.710834,51.996668
4228501,E10,54,1.473888888888889,0.965,5.555555555555555,0-5 (Slight),#F1C40F,7.710834,51.996668
4228501,E83,4,0.15000000000000008,0.20000000000000007,0.0,0-5 (Slight),#F1C40F,7.710834,51.996668
4228501,N83,103,3.214563106796117,3.23,18.446601941747574,0-5 (Slight),#F1C40F,7.710834,51.996668
4228601,19,199,3.265678391959799,2.63,15.577889447236181,0-5 (Slight),#F1C40F,7.713688,51.995312
4229101,10,577,2.2462391681109186,0.93,14.731369150779896,0-5 (Slight),#F1C40F,7.707132,51.992672
4229101,19,181,2.4529281767955804,2.15,8.287292817679557,0-5 (Slight),#F1C40F,7.707132,51.992672
4229101,2,437,2.6539130434782607,0.83,22.883295194508012,0-5 (Slight),#F1C40F,7.707132,51.992672
4229101,4,106,2.263490566037736,1.31,16.9811320754717,0-5 (Slight),#F1C40F,7.707132,51.992672
4229101,E10,38,3.9942105263157894,3.89,42.10526315789473,0-5 (Slight),#F1C40F,7.707132,51.992672
4229101,E83,4,0.22749999999999995,-0.665,0.0,0-5 (Slight),#F1C40F,7.707132,51.992672
4229101,N83,136,2.925514705882353,3.85,5.88235294117647,0-5 (Slight),#F1C40F,7.707132,51.992672
4230101,10,632,2.1896044303797466,1.25,11.075949367088606,0-5 (Slight),#F1C40F,7.698706,51.987362
4230101,2,473,2.1571881606765326,1.17,9.725158562367865,0-5 (Slight),#F1C40F,7.698706,51.987362
4230101,E10,27,2.5914814814814813,2.15,11.11111111111111,0-5 (Slight),#F1C40F,7.698706,51.987362
4230101,E83,3,0.7233333333333333,0.47,0.0,0-5 (Slight),#F1C40F,7.698706,51.987362
4230101,N83,273,2.037985347985348,1.78,9.89010989010989,0-5 (Slight),#F1C40F,7.698706,51.987362
4231101,10,512,1.37701171875,0.33,8.7890625,0-5 (Slight),#F1C40F,7.700797,51.985314
4231101,2,440,1.0976590909090909,0.15,5.454545454545454,0-5 (Slight),#F1C40F,7.700797,51.985314
4231101,E10,14,1.1228571428571428,1.04,0.0,0-5 (Slight),#F1C40F,7.700797,51.985314
4231101,E83,4,1.955,2.065,0.0,0-5 (Slight),#F1C40F,7.700797,51.985314
4231101,N83,179,1.8599441340782124,1.47,5.58659217877095,0-5 (Slight),#F1C40F,7.700797,51.985314
4232001,19,1519,0.8897695852534562,0.0,6.583278472679395,0-5 (Slight),#F1C40F,7.750555,52.00014
4232001,4,783,1.1446743295019157,0.0,7.790549169859514,0-5 (Slight),#F1C40F,7.750555,52.00014
4232101,19,353,3.0952407932011328,1.93,17.280453257790366,0-5 (Slight),#F1C40F,7.737623,52.003071
4232101,4,78,4.658333333333333,3.215,24.358974358974358,0-5 (Slight),#F1C40F,7.737623,52.003071
4234101,10,267,2.920112359550562,2.78,3.3707865168539324,0-5 (Slight),#F1C40F,7.706531,51.976778
4234101,2,431,19.014083526682136,29.2,64.50116009280742,15+ (Severe),#8E44AD,7.706531,51.976778
4234101,E10,20,3.5305,3.7249999999999996,15.0,0-5 (Slight),#F1C40F,7.706531,51.976778
4234101,N83,52,3.373076923076923,4.71,21.153846153846153,0-5 (Slight),#F1C40F,7.706531,51.976778
4234301,10,323,2.3912383900928793,1.28,16.408668730650156,0-5 (Slight),#F1C40F,7.704865,51.977314
4234301,2,186,4.263548387096774,2.73,34.40860215053764,0-5 (Slight),#F1C40F,7.704865,51.977314
4234301,E10,9,6.305555555555555,7.77,66.66666666666666,5-10 (Moderate),#E67E22,7.704865,51.977314
4234301,E83,1,-0.87,-0.87,0.0,< 0 (Early/On-time),#2ECC71,7.704865,51.977314
4234301,N83,68,2.952058823529412,3.47,19.11764705882353,0-5 (Slight),#F1C40F,7.704865,51.977314
4235101,10,1251,1.7341646682653877,1.12,11.270983213429256,0-5 (Slight),#F1C40F,7.69431,51.97359
4235101,2,1045,1.8774354066985646,1.13,13.014354066985645,0-5 (Slight),#F1C40F,7.69431,51.97359
4235101,E10,52,4.458846153846154,3.9450000000000003,34.61538461538461,0-5 (Slight),#F1C40F,7.69431,51.97359
4235101,E83,5,1.844,0.2,0.0,0-5 (Slight),#F1C40F,7.69431,51.97359
4235101,N83,349,2.40189111747851,2.55,6.303724928366762,0-5 (Slight),#F1C40F,7.69431,51.97359
4236101,10,1034,2.3066634429400388,1.15,12.088974854932303,0-5 (Slight),#F1C40F,7.67718,51.970764
4236101,2,608,2.3713486842105262,0.83,17.105263157894736,0-5 (Slight),#F1C40F,7.67718,51.970764
4236101,E10,59,6.683220338983051,5.23,54.23728813559322,5-10 (Moderate),#E67E22,7.67718,51.970764
4236101,E11,18,14.617777777777778,10.64,83.33333333333334,10-15 (High),#E74C3C,7.67718,51.970764
4236101,E83,11,1.0999999999999999,1.25,0.0,0-5 (Slight),#F1C40F,7.67718,51.970764
4236101,N83,372,2.0456182795698927,1.72,8.60215053763441,0-5 (Slight),#F1C40F,7.67718,51.970764
4237101,10,572,3.894982517482517,2.8,23.076923076923077,0-5 (Slight),#F1C40F,7.664534,51.968338
4237101,2,448,5.244508928571428,2.76,34.598214285714285,5-10 (Moderate),#E67E22,7.664534,51.968338
4237101,E10,30,8.994666666666665,5.074999999999999,56.666666666666664,5-10 (Moderate),#E67E22,7.664534,51.968338
4237101,E83,3,2.5366666666666666,2.48,0.0,0-5 (Slight),#F1C40F,7.664534,51.968338
4237101,N83,225,2.2289777777777777,2.3,7.555555555555555,0-5 (Slight),#F1C40F,7.664534,51.968338
4238101,10,953,2.1516684155299055,0.43,16.474291710388247,0-5 (Slight),#F1C40F,7.657865,51.967088
4238101,2,2043,1.359295154185022,0.15,7.97846304454234,0-5 (Slight),#F1C40F,7.657865,51.967088
4238101,E10,15,3.881333333333333,5.17,53.333333333333336,0-5 (Slight),#F1C40F,7.657865,51.967088
4238101,E83,4,0.36500000000000005,-0.6950000000000001,0.0,0-5 (Slight),#F1C40F,7.657865,51.967088
4238101,N83,224,3.02625,3.67,3.571428571428571,0-5 (Slight),#F1C40F,7.657865,51.967088
4238602,10,383,2.122167101827676,1.88,6.266318537859007,0-5 (Slight),#F1C40F,7.654506,51.966633
4238602,2,406,1.0771921182266009,0.22,3.6945812807881775,0-5 (Slight),#F1C40F,7.654506,51.966633
4238602,E10,7,9.611428571428572,4.8,14.285714285714285,5-10 (Moderate),#E67E22,7.654506,51.966633
4239101,10,806,2.4918982630272954,1.83,15.384615384615385,0-5 (Slight),#F1C40F,7.651164,51.964929
4239101,2,785,2.769388535031847,1.7,19.23566878980892,0-5 (Slight),#F1C40F,7.651164,51.964929
4239101,E10,10,2.843,2.675,0.0,0-5 (Slight),#F1C40F,7.651164,51.964929
4240101,10,486,2.6004938271604936,1.38,16.46090534979424,0-5 (Slight),#F1C40F,7.6483,51.964086
4240101,2,583,2.6961063464837047,1.28,16.295025728987994,0-5 (Slight),#F1C40F,7.6483,51.964086
4240101,E10,12,3.5258333333333334,4.734999999999999,41.66666666666667,0-5 (Slight),#F1C40F,7.6483,51.964086
4240101,E12,33,3.694545454545455,3.32,42.42424242424242,0-5 (Slight),#F1C40F,7.6483,51.964086
4240101,N83,75,3.3228,3.83,1.3333333333333335,0-5 (Slight),#F1C40F,7.6483,51.964086
4241101,10,1319,2.195178165276725,0.3,11.448066717210008,0-5 (Slight),#F1C40F,7.641467,51.961672
4241101,2,1198,1.9441652754590986,0.25,10.434056761268781,0-5 (Slight),#F1C40F,7.641467,51.961672
4241101,E10,16,4.639375,2.9400000000000004,12.5,0-5 (Slight),#F1C40F,7.641467,51.961672
4241101,E12,62,2.8708064516129035,2.97,12.903225806451612,0-5 (Slight),#F1C40F,7.641467,51.961672
4241101,E83,14,0.4342857142857143,0.33999999999999997,0.0,0-5 (Slight),#F1C40F,7.641467,51.961672
4241101,N83,517,1.0817021276595744,0.18,4.061895551257253,0-5 (Slight),#F1C40F,7.641467,51.961672
4243101,10,249,2.905983935742972,2.4,19.67871485943775,0-5 (Slight),#F1C40F,7.70281,51.991202
4243101,19,144,1.9731944444444443,1.4,8.333333333333332,0-5 (Slight),#F1C40F,7.70281,51.991202
4243101,2,126,5.118888888888889,3.205,37.301587301587304,5-10 (Moderate),#E67E22,7.70281,51.991202
4243101,4,30,2.5593333333333335,2.35,20.0,0-5 (Slight),#F1C40F,7.70281,51.991202
4243101,E10,23,3.457826086956522,2.13,17.391304347826086,0-5 (Slight),#F1C40F,7.70281,51.991202
4243101,E83,2,2.725,2.725,0.0,0-5 (Slight),#F1C40F,7.70281,51.991202
4243101,N83,139,1.6536690647482015,0.22,9.352517985611511,0-5 (Slight),#F1C40F,7.70281,51.991202
4244101,10,464,2.8873491379310345,2.59,8.189655172413794,0-5 (Slight),#F1C40F,7.699599,51.989183
4244101,19,377,2.2353315649867374,1.25,10.344827586206897,0-5 (Slight),#F1C40F,7.699599,51.989183
4244101,2,251,3.431752988047809,2.52,14.342629482071715,0-5 (Slight),#F1C40F,7.699599,51.989183
4244101,4,85,3.7170588235294115,2.85,20.0,0-5 (Slight),#F1C40F,7.699599,51.989183
4244101,E10,50,3.8495999999999997,2.9,36.0,0-5 (Slight),#F1C40F,7.699599,51.989183
4244101,E83,3,0.37666666666666665,0.38,0.0,0-5 (Slight),#F1C40F,7.699599,51.989183
4244101,N83,128,2.482890625,2.7,17.96875,0-5 (Slight),#F1C40F,7.699599,51.989183
4246101,10,627,1.4117384370015948,0.15,6.539074960127592,0-5 (Slight),#F1C40F,7.702944,51.981731
4246101,2,424,1.2103773584905662,0.0,9.433962264150944,0-5 (Slight),#F1C40F,7.702944,51.981731
4246101,E10,6,3.2100000000000004,1.9849999999999999,33.33333333333333,0-5 (Slight),#F1C40F,7.702944,51.981731
4246101,E83,2,3.06,3.06,0.0,0-5 (Slight),#F1C40F,7.702944,51.981731
4246101,N83,138,2.341376811594203,2.0700000000000003,10.869565217391305,0-5 (Slight),#F1C40F,7.702944,51.981731
4247001,10,8,0.9950000000000001,-0.56,0.0,0-5 (Slight),#F1C40F,7.721544,52.002189
4247001,19,1022,0.47382583170254405,0.0,4.598825831702544,0-5 (Slight),#F1C40F,7.721544,52.002189
4247001,2,3661,1.0761759082217974,0.0,8.85004097241191,0-5 (Slight),#F1C40F,7.721544,52.002189
4247001,4,153,2.1422222222222222,1.18,16.99346405228758,0-5 (Slight),#F1C40F,7.721544,52.002189
4247001,E10,41,2.970731707317073,1.37,24.390243902439025,0-5 (Slight),#F1C40F,7.721544,52.002189
4247001,E83,3,0.9100000000000001,-0.58,0.0,0-5 (Slight),#F1C40F,7.721544,52.002189
4247001,N83,126,1.1526190476190474,-0.56,0.7936507936507936,0-5 (Slight),#F1C40F,7.721544,52.002189
4247501,19,339,2.104483775811209,1.4,6.784660766961652,0-5 (Slight),#F1C40F,7.727803,52.010565
4247501,4,181,2.3111049723756905,1.33,10.497237569060774,0-5 (Slight),#F1C40F,7.727803,52.010565
4248801,19,118,2.3442372881355933,1.79,11.016949152542372,0-5 (Slight),#F1C40F,7.662956,51.987724
4248801,4,660,1.960439393939394,0.75,13.030303030303031,0-5 (Slight),#F1C40F,7.662956,51.987724
4248801,E12,11,5.254545454545454,2.93,18.181818181818183,5-10 (Moderate),#E67E22,7.662956,51.987724
4248801,E4,14,1.4107142857142858,0.125,14.285714285714285,0-5 (Slight),#F1C40F,7.662956,51.987724
4248801,N82,2,-0.9,-0.9,0.0,< 0 (Early/On-time),#2ECC71,7.662956,51.987724
4249101,4,1121,1.4414808206958074,0.3,13.470115967885816,0-5 (Slight),#F1C40F,7.660042,51.982125
4250101,4,138,3.7531159420289852,2.8899999999999997,25.36231884057971,0-5 (Slight),#F1C40F,7.690867,51.99778
4250101,N82,5,2.1399999999999997,2.52,0.0,0-5 (Slight),#F1C40F,7.690867,51.99778
4251101,4,141,3.1213475177304963,2.7,10.638297872340425,0-5 (Slight),#F1C40F,7.690306,51.995289
4252001,E10,219,1.3414611872146118,0.0,16.43835616438356,0-5 (Slight),#F1C40F,7.686208,51.982504
4252001,E11,131,1.313206106870229,0.0,16.793893129770993,0-5 (Slight),#F1C40F,7.686208,51.982504
4252001,E12,149,1.339463087248322,0.0,12.751677852348994,0-5 (Slight),#F1C40F,7.686208,51.982504
4252001,E4,23,0.0,0.0,0.0,< 0 (Early/On-time),#2ECC71,7.686208,51.982504
4252801,E10,54,3.405370370370371,2.0149999999999997,16.666666666666664,0-5 (Slight),#F1C40F,7.677889,51.978564
4252801,E11,91,6.906043956043956,6.2,53.84615384615385,5-10 (Moderate),#E67E22,7.677889,51.978564
4252801,E12,40,3.78625,2.8600000000000003,10.0,0-5 (Slight),#F1C40F,7.677889,51.978564
4252801,E4,3,2.64,2.57,0.0,0-5 (Slight),#F1C40F,7.677889,51.978564
4261001,14,1184,1.072635135135135,0.58,6.587837837837837,0-5 (Slight),#F1C40F,7.599793,51.959122
4269802,E10,23,5.843478260869565,4.87,47.82608695652174,5-10 (Moderate),#E67E22,7.70332,51.990113
4270801,E10,52,6.107115384615384,6.85,67.3076923076923,5-10 (Moderate),#E67E22,7.700844,51.987876
4294202,10,211,4.2015639810426535,2.28,19.90521327014218,0-5 (Slight),#F1C40F,7.660734,51.967774
4294202,2,184,4.204239130434783,2.15,20.108695652173914,0-5 (Slight),#F1C40F,7.660734,51.967774
4294202,E10,8,3.175,2.19,25.0,0-5 (Slight),#F1C40F,7.660734,51.967774
4294202,N83,65,3.1766153846153844,0.45,27.692307692307693,0-5 (Slight),#F1C40F,7.660734,51.967774
4296001,4,445,1.9617752808988764,0.92,16.629213483146067,0-5 (Slight),#F1C40F,7.680096,51.99731
4296001,N82,5,1.94,2.15,0.0,0-5 (Slight),#F1C40F,7.680096,51.99731
4298101,4,1067,2.959137769447048,2.13,12.371134020618557,0-5 (Slight),#F1C40F,7.643594,51.967463
4298101,E4,7,1.1471428571428572,1.15,14.285714285714285,0-5 (Slight),#F1C40F,7.643594,51.967463
4301001,11,6514,0.761237334970832,0.0,4.098863985262511,0-5 (Slight),#F1C40F,7.677727,51.968636
4301001,E11,49,5.4367346938775505,4.42,36.734693877551024,5-10 (Moderate),#E67E22,7.677727,51.968636
4301001,N84,2499,0.30178071228491393,0.0,1.9207683073229291,0-5 (Slight),#F1C40F,7.677727,51.968636
4302101,11,420,1.0662380952380952,0.2,7.142857142857142,0-5 (Slight),#F1C40F,7.676368,51.963893
4302101,E11,14,14.860714285714284,13.945,92.85714285714286,10-15 (High),#E74C3C,7.676368,51.963893
4302101,N84,58,2.346379310344828,1.46,13.793103448275861,0-5 (Slight),#F1C40F,7.676368,51.963893
4303101,14,657,2.3393911719939116,1.87,12.480974124809741,0-5 (Slight),#F1C40F,7.669444,51.961184
4304101,11,757,1.8404755614266843,0.88,10.700132100396301,0-5 (Slight),#F1C40F,7.676067,51.959255
4304101,E11,18,3.545,3.4,50.0,0-5 (Slight),#F1C40F,7.676067,51.959255
4304101,N84,195,2.29174358974359,2.1,5.641025641025641,0-5 (Slight),#F1C40F,7.676067,51.959255
4305101,11,484,2.6236983471074384,1.93,11.570247933884298,0-5 (Slight),#F1C40F,7.677061,51.956461
4305101,E11,19,6.498947368421053,4.92,42.10526315789473,5-10 (Moderate),#E67E22,7.677061,51.956461
4305101,N84,171,2.3550292397660817,2.22,0.0,0-5 (Slight),#F1C40F,7.677061,51.956461
4306101,11,1496,1.231437165775401,0.4,5.815508021390374,0-5 (Slight),#F1C40F,7.676849,51.953456
4306101,E11,58,10.76551724137931,9.17,87.93103448275862,10-15 (High),#E74C3C,7.676849,51.953456
4306101,N84,357,1.3369467787114846,0.85,1.400560224089636,0-5 (Slight),#F1C40F,7.676849,51.953456
4307101,14,1191,2.4463224181360204,1.78,8.39630562552477,0-5 (Slight),#F1C40F,7.66054,51.962859
4307501,14,1830,2.0785136612021855,1.28,12.131147540983607,0-5 (Slight),#F1C40F,7.656421,51.962036
4308001,11,723,1.295726141078838,-0.53,7.053941908713693,0-5 (Slight),#F1C40F,7.675884,51.949858
4308001,E11,17,9.73294117647059,7.25,64.70588235294117,5-10 (Moderate),#E67E22,7.675884,51.949858
4308001,N84,191,1.480157068062827,0.32,1.0471204188481675,0-5 (Slight),#F1C40F,7.675884,51.949858
4309101,11,1109,1.8984220018034264,1.0,10.18935978358882,0-5 (Slight),#F1C40F,7.671816,51.950585
4309101,E11,23,5.18608695652174,1.13,39.130434782608695,5-10 (Moderate),#E67E22,7.671816,51.950585
4309101,N84,170,1.1156470588235294,0.18,8.823529411764707,0-5 (Slight),#F1C40F,7.671816,51.950585
4309201,11,1045,2.3318468899521534,1.1,12.248803827751196,0-5 (Slight),#F1C40F,7.665755,51.951896
4309201,E11,20,5.163,3.84,30.0,5-10 (Moderate),#E67E22,7.665755,51.951896
4309201,N84,191,1.4681151832460735,1.15,2.6178010471204187,0-5 (Slight),#F1C40F,7.665755,51.951896
4310101,11,1259,1.4421445591739477,0.28,10.007942811755361,0-5 (Slight),#F1C40F,7.659899,51.953934
4310101,E11,16,6.52125,4.42,50.0,5-10 (Moderate),#E67E22,7.659899,51.953934
4310101,N84,213,1.9199530516431924,1.92,1.4084507042253522,0-5 (Slight),#F1C40F,7.659899,51.953934
4311101,11,1346,0.9974739970282317,0.2,5.349182763744428,0-5 (Slight),#F1C40F,7.651372,51.954821
4311101,E11,35,3.798,0.1,25.71428571428571,0-5 (Slight),#F1C40F,7.651372,51.954821
4311101,N84,250,1.7988,1.26,1.2,0-5 (Slight),#F1C40F,7.651372,51.954821
4311802,E10,62,7.133709677419354,6.93,56.451612903225815,5-10 (Moderate),#E67E22,7.652747,51.956282
4312001,14,713,1.1777980364656382,0.23,4.768583450210379,0-5 (Slight),#F1C40F,7.667757,51.957004
4313102,14,3693,0.5891307879772543,0.0,2.9786081776333604,0-5 (Slight),#F1C40F,7.665673,51.955977
4314101,14,684,1.1085233918128656,0.125,7.163742690058479,0-5 (Slight),#F1C40F,7.6579571,51.958561
4314101,E14,12,0.8408333333333333,0.95,0.0,0-5 (Slight),#F1C40F,7.6579571,51.958561
4315101,14,415,2.399397590361446,1.32,12.289156626506024,0-5 (Slight),#F1C40F,7.652683,51.958743
4315101,E14,17,2.9782352941176473,2.32,23.52941176470588,0-5 (Slight),#F1C40F,7.652683,51.958743
4316101,14,632,2.5055696202531643,1.98,6.645569620253164,0-5 (Slight),#F1C40F,7.647906,51.958908
4316101,E10,10,1.277,1.82,0.0,0-5 (Slight),#F1C40F,7.647906,51.958908
4316101,E14,18,2.725,2.4,16.666666666666664,0-5 (Slight),#F1C40F,7.647906,51.958908
4317101,E10,13,1.5576923076923077,0.85,15.384615384615385,0-5 (Slight),#F1C40F,7.647656,51.960578
4318101,11,1783,1.5507403252944474,0.2,8.581043185642176,0-5 (Slight),#F1C40F,7.639993,51.957618
4318101,E11,36,3.9000000000000004,2.15,30.555555555555557,0-5 (Slight),#F1C40F,7.639993,51.957618
4318101,N84,325,1.3544923076923077,1.18,0.9230769230769231,0-5 (Slight),#F1C40F,7.639993,51.957618
4319102,11,463,2.910280777537797,2.13,12.526997840172784,0-5 (Slight),#F1C40F,7.637157,51.959023
4319102,E11,20,9.055,4.765000000000001,50.0,5-10 (Moderate),#E67E22,7.637157,51.959023
4319102,N84,124,1.968467741935484,1.98,0.8064516129032258,0-5 (Slight),#F1C40F,7.637157,51.959023
4320102,18,288,1.5889236111111111,0.42,10.76388888888889,0-5 (Slight),#F1C40F,7.668485,51.906003
4320102,6,384,3.0120312499999997,2.16,17.1875,0-5 (Slight),#F1C40F,7.668485,51.906003
4320102,9,531,2.16045197740113,1.1,17.51412429378531,0-5 (Slight),#F1C40F,7.668485,51.906003
4320102,E6,15,4.580666666666667,4.37,33.33333333333333,0-5 (Slight),#F1C40F,7.668485,51.906003
4320102,N82,235,1.2131914893617022,0.83,7.234042553191489,0-5 (Slight),#F1C40F,7.668485,51.906003
4321101,18,201,1.9583582089552238,1.77,10.44776119402985,0-5 (Slight),#F1C40F,7.681915,51.907008
4321101,6,532,1.7332894736842106,0.83,11.842105263157894,0-5 (Slight),#F1C40F,7.681915,51.907008
4321101,E6,13,6.173076923076923,5.68,84.61538461538461,5-10 (Moderate),#E67E22,7.681915,51.907008
4322101,18,229,3.515414847161572,3.72,12.22707423580786,0-5 (Slight),#F1C40F,7.688115,51.90958
4322101,6,889,1.3039595050618673,0.25,10.011248593925758,0-5 (Slight),#F1C40F,7.688115,51.90958
4322101,E6,16,7.168125,4.255000000000001,43.75,5-10 (Moderate),#E67E22,7.688115,51.90958
4323001,6,65,0.1429230769230769,0.0,0.0,0-5 (Slight),#F1C40F,7.689548,51.912155
4323001,E6,11,0.0,0.0,0.0,< 0 (Early/On-time),#2ECC71,7.689548,51.912155
4324101,6,466,2.7691845493562233,2.51,11.373390557939913,0-5 (Slight),#F1C40F,7.693316,51.913269
4324101,E6,37,2.4732432432432434,0.27,24.324324324324326,0-5 (Slight),#F1C40F,7.693316,51.913269
4324101,E85,1,6.1,6.1,100.0,5-10 (Moderate),#E67E22,7.693316,51.913269
4324101,N85,76,2.5868421052631576,1.0550000000000002,31.57894736842105,0-5 (Slight),#F1C40F,7.693316,51.913269
4325101,18,328,2.8128658536585367,1.975,15.853658536585366,0-5 (Slight),#F1C40F,7.694612,51.911623
4325101,6,560,3.299642857142857,1.94,20.17857142857143,0-5 (Slight),#F1C40F,7.694612,51.911623
4325101,E6,64,3.4035937499999998,3.05,21.875,0-5 (Slight),#F1C40F,7.694612,51.911623
4325101,E85,5,2.178,0.37,20.0,0-5 (Slight),#F1C40F,7.694612,51.911623
4325101,N85,234,2.9363675213675213,1.35,23.931623931623932,0-5 (Slight),#F1C40F,7.694612,51.911623
4326101,6,1075,1.64526511627907,0.82,13.30232558139535,0-5 (Slight),#F1C40F,7.684867,51.914071
4326101,E6,23,4.606086956521739,2.95,39.130434782608695,0-5 (Slight),#F1C40F,7.684867,51.914071
4326101,E85,2,2.875,2.875,0.0,0-5 (Slight),#F1C40F,7.684867,51.914071
4326101,N85,104,4.1125961538461535,2.9850000000000003,23.076923076923077,0-5 (Slight),#F1C40F,7.684867,51.914071
4327101,6,581,2.4071256454388985,1.05,14.457831325301203,0-5 (Slight),#F1C40F,7.681608,51.915491
4327101,E6,13,5.223076923076922,2.97,23.076923076923077,5-10 (Moderate),#E67E22,7.681608,51.915491
4327101,E85,2,3.755,3.755,0.0,0-5 (Slight),#F1C40F,7.681608,51.915491
4327101,N85,119,3.291596638655462,2.87,12.605042016806722,0-5 (Slight),#F1C40F,7.681608,51.915491
4328101,6,368,3.1910597826086957,2.37,13.858695652173914,0-5 (Slight),#F1C40F,7.678413,51.918433
4328101,E6,33,1.1336363636363636,0.15,9.090909090909092,0-5 (Slight),#F1C40F,7.678413,51.918433
4328101,E85,2,2.8499999999999996,2.8499999999999996,50.0,0-5 (Slight),#F1C40F,7.678413,51.918433
4328101,N85,101,2.4022772277227724,1.1,25.742574257425744,0-5 (Slight),#F1C40F,7.678413,51.918433
4329101,6,467,3.1661456102783725,2.05,18.629550321199144,0-5 (Slight),#F1C40F,7.675659,51.921002
4329101,E6,28,1.2964285714285713,0.595,14.285714285714285,0-5 (Slight),#F1C40F,7.675659,51.921002
4329101,E85,2,3.825,3.825,50.0,0-5 (Slight),#F1C40F,7.675659,51.921002
4329101,N85,108,2.7601851851851853,0.95,33.33333333333333,0-5 (Slight),#F1C40F,7.675659,51.921002
4330101,6,662,2.003821752265861,1.18,12.386706948640484,0-5 (Slight),#F1C40F,7.673534,51.922804
4330101,E6,11,4.049090909090909,0.8,27.27272727272727,0-5 (Slight),#F1C40F,7.673534,51.922804
4330101,E85,2,4.8149999999999995,4.8149999999999995,50.0,0-5 (Slight),#F1C40F,7.673534,51.922804
4330101,N85,69,3.570724637681159,2.3,36.231884057971016,0-5 (Slight),#F1C40F,7.673534,51.922804
4332101,8,180,2.8549444444444445,2.96,6.666666666666667,0-5 (Slight),#F1C40F,7.688372,51.928098
4332101,N85,68,1.837794117647059,1.17,14.705882352941178,0-5 (Slight),#F1C40F,7.688372,51.928098
4333101,8,325,2.892369230769231,2.08,9.230769230769232,0-5 (Slight),#F1C40F,7.683333,51.928688
4333101,N85,137,1.3784671532846715,0.15,19.708029197080293,0-5 (Slight),#F1C40F,7.683333,51.928688
4334101,8,487,2.099240246406571,1.12,12.320328542094455,0-5 (Slight),#F1C40F,7.679931,51.929569
4334101,E85,3,6.06,6.15,100.0,5-10 (Moderate),#E67E22,7.679931,51.929569
4334101,N85,87,0.08804597701149426,-0.7,5.747126436781609,0-5 (Slight),#F1C40F,7.679931,51.929569
4335101,8,1126,0.9947158081705151,0.17,5.328596802841918,0-5 (Slight),#F1C40F,7.674897,51.930285
4335101,E85,1,2.13,2.13,0.0,0-5 (Slight),#F1C40F,7.674897,51.930285
4335101,N85,88,3.0493181818181814,2.415,25.0,0-5 (Slight),#F1C40F,7.674897,51.930285
4336001,6,840,3.2615357142857144,2.5,17.976190476190474,0-5 (Slight),#F1C40F,7.666991,51.92885
4336001,8,737,2.880773405698779,2.17,16.824966078697422,0-5 (Slight),#F1C40F,7.666991,51.92885
4336001,E6,52,1.6163461538461539,0.185,11.538461538461538,0-5 (Slight),#F1C40F,7.666991,51.92885
4336001,E85,11,4.623636363636364,4.17,18.181818181818183,0-5 (Slight),#F1C40F,7.666991,51.92885
4336001,N85,381,3.408845144356955,3.6,11.811023622047244,0-5 (Slight),#F1C40F,7.666991,51.92885
4337101,6,549,2.9269763205828783,2.02,18.397085610200364,0-5 (Slight),#F1C40F,7.665323,51.930309
4337101,8,576,2.4233854166666666,1.94,11.284722222222223,0-5 (Slight),#F1C40F,7.665323,51.930309
4337101,E6,24,4.108333333333333,1.085,37.5,0-5 (Slight),#F1C40F,7.665323,51.930309
4337101,N85,250,1.40448,0.73,3.5999999999999996,0-5 (Slight),#F1C40F,7.665323,51.930309
4339101,6,886,2.9390180586907446,2.05,17.494356659142213,0-5 (Slight),#F1C40F,7.650516,51.940646
4339101,8,880,1.954375,1.2,7.954545454545454,0-5 (Slight),#F1C40F,7.650516,51.940646
4339101,E10,20,0.37750000000000006,0.5150000000000001,0.0,0-5 (Slight),#F1C40F,7.650516,51.940646
4339101,E6,11,-0.8036363636363636,-0.82,0.0,< 0 (Early/On-time),#2ECC71,7.650516,51.940646
4339101,E85,7,2.7785714285714285,2.23,14.285714285714285,0-5 (Slight),#F1C40F,7.650516,51.940646
4339101,N85,242,2.2178925619834713,1.97,6.198347107438017,0-5 (Slight),#F1C40F,7.650516,51.940646
4339501,6,339,3.9051917404129792,3.48,20.353982300884958,0-5 (Slight),#F1C40F,7.653761,51.938261
4339501,8,241,2.9630705394190873,3.05,12.448132780082988,0-5 (Slight),#F1C40F,7.653761,51.938261
4339501,E6,4,0.4925,0.715,0.0,0-5 (Slight),#F1C40F,7.653761,51.938261
4339501,E85,1,1.23,1.23,0.0,0-5 (Slight),#F1C40F,7.653761,51.938261
4339501,N85,65,2.626,1.45,18.461538461538463,0-5 (Slight),#F1C40F,7.653761,51.938261
4340101,6,1246,2.0845184590690207,0.64,14.526484751203853,0-5 (Slight),#F1C40F,7.645253,51.945302
4340101,8,1272,1.387059748427673,0.52,6.99685534591195,0-5 (Slight),#F1C40F,7.645253,51.945302
4340101,E6,218,1.6361009174311927,1.9249999999999998,3.669724770642202,0-5 (Slight),#F1C40F,7.645253,51.945302
4340101,E85,5,2.904,2.88,0.0,0-5 (Slight),#F1C40F,7.645253,51.945302
4340101,N85,431,1.885197215777262,1.25,5.104408352668213,0-5 (Slight),#F1C40F,7.645253,51.945302
4341101,6,489,3.2642126789366053,3.12,18.609406952965234,0-5 (Slight),#F1C40F,7.639397,51.94888
4341101,8,429,2.818368298368298,2.27,14.452214452214452,0-5 (Slight),#F1C40F,7.639397,51.94888
4341101,E6,146,0.3281506849315069,0.125,2.73972602739726,0-5 (Slight),#F1C40F,7.639397,51.94888
4341101,E85,5,2.952,3.92,0.0,0-5 (Slight),#F1C40F,7.639397,51.94888
4341101,N85,477,1.4341090146750524,0.13,3.9832285115303985,0-5 (Slight),#F1C40F,7.639397,51.94888
4341501,17,515,2.584194174757281,1.12,18.446601941747574,0-5 (Slight),#F1C40F,7.637327,51.950315
4341501,6,579,3.2920725388601033,2.93,15.198618307426598,0-5 (Slight),#F1C40F,7.637327,51.950315
4341501,8,476,2.116218487394958,2.165,5.88235294117647,0-5 (Slight),#F1C40F,7.637327,51.950315
4341501,E17,13,3.5923076923076924,1.22,15.384615384615385,0-5 (Slight),#F1C40F,7.637327,51.950315
4341501,E6,65,1.5595384615384615,0.78,10.76923076923077,0-5 (Slight),#F1C40F,7.637327,51.950315
4341501,E85,4,0.21250000000000002,0.225,0.0,0-5 (Slight),#F1C40F,7.637327,51.950315
4341501,N85,186,1.3843548387096776,0.18,9.13978494623656,0-5 (Slight),#F1C40F,7.637327,51.950315
4342101,14,717,2.314979079497908,1.5,7.252440725244072,0-5 (Slight),#F1C40F,7.635982,51.951763
4342101,17,793,1.8771752837326607,0.87,10.718789407313997,0-5 (Slight),#F1C40F,7.635982,51.951763
4342101,6,1049,2.7880648236415633,1.28,24.118207816968543,0-5 (Slight),#F1C40F,7.635982,51.951763
4342101,8,1134,1.7798412698412698,0.77,14.37389770723104,0-5 (Slight),#F1C40F,7.635982,51.951763
4342101,E14,22,3.0327272727272727,2.3200000000000003,22.727272727272727,0-5 (Slight),#F1C40F,7.635982,51.951763
4342101,E17,299,6.854147157190635,2.9,38.46153846153847,5-10 (Moderate),#E67E22,7.635982,51.951763
4342101,E6,170,3.603764705882353,2.24,9.411764705882353,0-5 (Slight),#F1C40F,7.635982,51.951763
4342101,E85,7,1.1385714285714286,1.22,0.0,0-5 (Slight),#F1C40F,7.635982,51.951763
4342101,N85,288,2.1224305555555554,1.875,4.861111111111112,0-5 (Slight),#F1C40F,7.635982,51.951763
4343101,14,1716,1.3846678321678323,1.35,4.545454545454546,0-5 (Slight),#F1C40F,7.631453,51.954344
4343101,17,1037,2.575274831243973,1.72,11.861137897782063,0-5 (Slight),#F1C40F,7.631453,51.954344
4343101,5,1085,3.5547649769585252,2.47,17.51152073732719,0-5 (Slight),#F1C40F,7.631453,51.954344
4343101,6,1512,2.8948412698412698,1.84,16.071428571428573,0-5 (Slight),#F1C40F,7.631453,51.954344
4343101,8,1564,2.4555434782608696,1.92,9.65473145780051,0-5 (Slight),#F1C40F,7.631453,51.954344
4343101,E14,29,2.129655172413793,1.98,10.344827586206897,0-5 (Slight),#F1C40F,7.631453,51.954344
4343101,E17,385,0.5144675324675324,0.65,3.3766233766233764,0-5 (Slight),#F1C40F,7.631453,51.954344
4343101,E6,339,0.9205309734513274,0.35,2.6548672566371683,0-5 (Slight),#F1C40F,7.631453,51.954344
4343101,E85,8,2.22875,2.185,0.0,0-5 (Slight),#F1C40F,7.631453,51.954344
4343101,N82,568,1.7743661971830986,1.44,5.985915492957746,0-5 (Slight),#F1C40F,7.631453,51.954344
4343101,N85,774,1.7592377260981913,1.62,3.10077519379845,0-5 (Slight),#F1C40F,7.631453,51.954344
4345101,5,925,2.4022702702702703,1.32,9.72972972972973,0-5 (Slight),#F1C40F,7.61994,51.926139
4345101,N82,323,1.07671826625387,0.17,4.3343653250774,0-5 (Slight),#F1C40F,7.61994,51.926139
4346101,5,1154,4.3162391681109185,2.45,34.1421143847487,0-5 (Slight),#F1C40F,7.624332,51.925114
4346101,N82,164,2.352682926829268,3.26,0.0,0-5 (Slight),#F1C40F,7.624332,51.925114
4347101,1,1233,1.1789375506893753,0.23,9.083536090835361,0-5 (Slight),#F1C40F,7.628653,51.926837
4347101,9,918,1.913507625272331,0.83,11.11111111111111,0-5 (Slight),#F1C40F,7.628653,51.926837
4347101,E9,5,4.496,5.67,60.0,0-5 (Slight),#F1C40F,7.628653,51.926837
4348001,1,754,1.8455305039787797,1.2,11.405835543766578,0-5 (Slight),#F1C40F,7.626658,51.931541
4348001,5,920,2.232978260869565,0.52,18.478260869565215,0-5 (Slight),#F1C40F,7.626658,51.931541
4348001,9,622,2.05451768488746,1.38,13.02250803858521,0-5 (Slight),#F1C40F,7.626658,51.931541
4348001,E9,3,2.6533333333333333,2.43,0.0,0-5 (Slight),#F1C40F,7.626658,51.931541
4348001,N82,268,1.6191044776119403,0.42,2.2388059701492535,0-5 (Slight),#F1C40F,7.626658,51.931541
4349101,1,1198,1.6281135225375627,0.64,7.929883138564274,0-5 (Slight),#F1C40F,7.625406,51.935093
4349101,5,997,3.712296890672016,3.45,18.05416248746239,0-5 (Slight),#F1C40F,7.625406,51.935093
4349101,9,899,2.3044271412680755,1.17,11.012235817575084,0-5 (Slight),#F1C40F,7.625406,51.935093
4349101,E9,15,1.672,0.37,13.333333333333334,0-5 (Slight),#F1C40F,7.625406,51.935093
4349101,N82,216,2.7347685185185187,3.68,10.185185185185185,0-5 (Slight),#F1C40F,7.625406,51.935093
4350101,1,1206,1.895116086235489,1.01,15.58872305140962,0-5 (Slight),#F1C40F,7.624225,51.939722
4350101,5,1727,2.5815576143601624,1.32,21.482339316734222,0-5 (Slight),#F1C40F,7.624225,51.939722
4350101,9,933,2.5079099678456593,1.28,15.862808145766344,0-5 (Slight),#F1C40F,7.624225,51.939722
4350101,E10,26,2.621153846153846,2.87,7.6923076923076925,0-5 (Slight),#F1C40F,7.624225,51.939722
4350101,E9,7,3.9914285714285715,2.32,42.857142857142854,0-5 (Slight),#F1C40F,7.624225,51.939722
4350101,N82,420,1.6688333333333332,1.13,5.952380952380952,0-5 (Slight),#F1C40F,7.624225,51.939722
4353101,5,1293,2.663488012374323,2.58,17.556071152358854,0-5 (Slight),#F1C40F,7.624942,51.942176
4353101,N82,314,2.3764649681528662,2.6900000000000004,10.828025477707007,0-5 (Slight),#F1C40F,7.624942,51.942176
4355101,5,583,3.9211492281303606,3.82,17.495711835334475,0-5 (Slight),#F1C40F,7.628627,51.943992
4355101,N82,193,1.881243523316062,0.2,5.699481865284974,0-5 (Slight),#F1C40F,7.628627,51.943992
4356101,5,1212,1.9083993399339934,0.58,16.17161716171617,0-5 (Slight),#F1C40F,7.631137,51.947874
4356101,N82,163,2.0320245398773005,0.35,12.883435582822086,0-5 (Slight),#F1C40F,7.631137,51.947874
4357101,5,1327,1.927995478522984,0.6,14.619442351168049,0-5 (Slight),#F1C40F,7.631423,51.951004
4357101,N82,254,1.6639370078740157,0.92,5.905511811023622,0-5 (Slight),#F1C40F,7.631423,51.951004
4358101,4,985,2.5599492385786804,2.22,9.441624365482234,0-5 (Slight),#F1C40F,7.620919,51.940401
4358101,N81,253,1.3039130434782609,0.42,5.533596837944664,0-5 (Slight),#F1C40F,7.620919,51.940401
4359101,1,1199,1.6770391993327773,1.05,11.009174311926607,0-5 (Slight),#F1C40F,7.623568,51.942207
4359101,4,1802,1.7086625971143174,1.03,11.154273029966703,0-5 (Slight),#F1C40F,7.623568,51.942207
4359101,9,952,1.8169327731092437,1.08,13.655462184873949,0-5 (Slight),#F1C40F,7.623568,51.942207
4359101,E9,3,3.0533333333333332,3.23,0.0,0-5 (Slight),#F1C40F,7.623568,51.942207
4359101,N81,394,0.9681725888324872,0.8,2.284263959390863,0-5 (Slight),#F1C40F,7.623568,51.942207
4360001,1,1301,1.5025365103766333,0.28,7.071483474250577,0-5 (Slight),#F1C40F,7.62326,51.945994
4360001,4,994,2.5076760563380285,1.7,15.392354124748492,0-5 (Slight),#F1C40F,7.62326,51.945994
4360001,9,863,1.8371842410196988,0.38,10.081112398609502,0-5 (Slight),#F1C40F,7.62326,51.945994
4360001,E9,14,1.0885714285714285,0.275,14.285714285714285,0-5 (Slight),#F1C40F,7.62326,51.945994
4360001,N81,368,1.1848913043478262,0.28,3.532608695652174,0-5 (Slight),#F1C40F,7.62326,51.945994
4361101,1,737,1.6589552238805971,0.28,11.12618724559023,0-5 (Slight),#F1C40F,7.624412,51.949336
4361101,9,588,1.9723979591836733,0.57,11.73469387755102,0-5 (Slight),#F1C40F,7.624412,51.949336
4361101,E9,5,2.0140000000000002,1.25,20.0,0-5 (Slight),#F1C40F,7.624412,51.949336
4361101,N81,65,3.8616923076923078,3.93,3.076923076923077,0-5 (Slight),#F1C40F,7.624412,51.949336
4362101,1,1172,2.032150170648464,1.12,14.505119453924914,0-5 (Slight),#F1C40F,7.625532,51.952884
4362101,9,965,2.673544041450777,1.33,19.48186528497409,0-5 (Slight),#F1C40F,7.625532,51.952884
4362101,E9,4,4.0375,3.19,25.0,0-5 (Slight),#F1C40F,7.625532,51.952884
4362101,N81,153,1.7243790849673202,0.42,7.8431372549019605,0-5 (Slight),#F1C40F,7.625532,51.952884
4363101,11,1518,0.978768115942029,0.03,5.006587615283268,0-5 (Slight),#F1C40F,7.677201,51.966665
4363101,E11,18,6.878888888888889,5.91,50.0,5-10 (Moderate),#E67E22,7.677201,51.966665
4363101,N84,338,0.8009171597633136,-0.05,3.5502958579881656,0-5 (Slight),#F1C40F,7.677201,51.966665
4365101,4,857,2.8707934655775964,3.2,8.98483080513419,0-5 (Slight),#F1C40F,7.62142,51.950212
4371101,17,491,2.1142158859470466,0.37,19.144602851323828,0-5 (Slight),#F1C40F,7.649201,51.922126
4371101,E17,1,2.25,2.25,0.0,0-5 (Slight),#F1C40F,7.649201,51.922126
4372102,17,131,2.6383969465648853,2.43,5.343511450381679,0-5 (Slight),#F1C40F,7.655696,51.924555
4372102,E17,5,1.112,1.23,0.0,0-5 (Slight),#F1C40F,7.655696,51.924555
4373001,17,2604,1.3313863287250383,0.0,10.637480798771122,0-5 (Slight),#F1C40F,7.658123,51.924243
4373001,E17,75,2.331866666666667,0.0,16.0,0-5 (Slight),#F1C40F,7.658123,51.924243
4374101,17,1426,3.787650771388499,2.005,25.8765778401122,0-5 (Slight),#F1C40F,7.655399,51.922182
4374101,E17,35,1.806,0.33,20.0,0-5 (Slight),#F1C40F,7.655399,51.922182
4375101,17,531,2.7596233521657254,2.78,32.20338983050847,0-5 (Slight),#F1C40F,7.650405,51.924725
4375101,E17,22,3.5013636363636365,1.75,18.181818181818183,0-5 (Slight),#F1C40F,7.650405,51.924725
4377101,17,508,1.6584645669291338,1.08,7.480314960629922,0-5 (Slight),#F1C40F,7.637936,51.926061
4377101,E17,8,0.9612499999999999,-0.015,0.0,0-5 (Slight),#F1C40F,7.637936,51.926061
4378101,17,295,3.2228813559322034,3.38,21.01694915254237,0-5 (Slight),#F1C40F,7.633436,51.927188
4378101,E17,11,5.506363636363637,6.4,54.54545454545454,5-10 (Moderate),#E67E22,7.633436,51.927188
4379101,17,196,2.309948979591837,3.55,4.591836734693878,0-5 (Slight),#F1C40F,7.632641,51.928705
4379101,E17,12,2.7691666666666666,2.79,0.0,0-5 (Slight),#F1C40F,7.632641,51.928705
4380101,17,413,2.0734382566585956,0.4,14.285714285714285,0-5 (Slight),#F1C40F,7.630783,51.932311
4380101,E17,17,3.517058823529412,2.15,11.76470588235294,0-5 (Slight),#F1C40F,7.630783,51.932311
4381101,17,454,2.2052422907488984,1.51,11.233480176211454,0-5 (Slight),#F1C40F,7.633721,51.935351
4381101,E17,5,5.354000000000001,3.75,40.0,5-10 (Moderate),#E67E22,7.633721,51.935351
4382102,17,384,2.02375,1.31,11.71875,0-5 (Slight),#F1C40F,7.636039,51.937079
4382102,E17,12,3.3575,2.59,33.33333333333333,0-5 (Slight),#F1C40F,7.636039,51.937079
4383102,17,395,2.5891392405063294,2.47,9.367088607594937,0-5 (Slight),#F1C40F,7.634725,51.946313
4383102,E17,16,2.48375,2.35,0.0,0-5 (Slight),#F1C40F,7.634725,51.946313
4384102,14,831,1.4010950661853188,0.1,5.6558363417569195,0-5 (Slight),#F1C40F,7.642344,51.953332
4384102,E14,12,3.355,2.62,25.0,0-5 (Slight),#F1C40F,7.642344,51.953332
4385102,17,165,1.9636363636363636,1.5,7.878787878787878,0-5 (Slight),#F1C40F,7.635934,51.942769
4385102,E17,3,4.566666666666666,3.32,33.33333333333333,0-5 (Slight),#F1C40F,7.635934,51.942769
4386102,17,358,2.073072625698324,1.5899999999999999,11.731843575418994,0-5 (Slight),#F1C40F,7.635341,51.940011
4386102,E17,10,4.078,2.4050000000000002,40.0,0-5 (Slight),#F1C40F,7.635341,51.940011
4387101,5,1526,2.473224115334207,1.35,16.579292267365663,0-5 (Slight),#F1C40F,7.622357,51.928868
4387101,N82,385,1.9347012987012988,1.63,10.649350649350648,0-5 (Slight),#F1C40F,7.622357,51.928868
4389001,11,598,2.4223578595317723,1.77,14.046822742474916,0-5 (Slight),#F1C40F,7.647096,51.955201
4389001,14,859,1.846763678696158,0.95,6.402793946449361,0-5 (Slight),#F1C40F,7.647096,51.955201
4389001,E11,25,5.5136,2.5,48.0,5-10 (Moderate),#E67E22,7.647096,51.955201
4389001,E14,8,3.09625,2.675,12.5,0-5 (Slight),#F1C40F,7.647096,51.955201
4389001,N84,235,0.3274893617021276,0.07,0.851063829787234,0-5 (Slight),#F1C40F,7.647096,51.955201
4390102,11,1013,2.9065745310957554,1.13,17.5715695952616,0-5 (Slight),#F1C40F,7.644303,51.955986
4390102,E11,24,4.765416666666667,1.3,25.0,0-5 (Slight),#F1C40F,7.644303,51.955986
4390102,N84,124,0.27637096774193554,-0.05,1.6129032258064515,0-5 (Slight),#F1C40F,7.644303,51.955986
4392101,18,179,1.8931284916201117,1.12,16.201117318435752,0-5 (Slight),#F1C40F,7.674066,51.905881
4392101,6,448,2.523125,1.93,11.830357142857142,0-5 (Slight),#F1C40F,7.674066,51.905881
4392101,9,728,1.4944093406593408,0.32,9.203296703296704,0-5 (Slight),#F1C40F,7.674066,51.905881
4392101,E6,11,5.783636363636363,5.35,54.54545454545454,5-10 (Moderate),#E67E22,7.674066,51.905881
4392101,N82,267,1.0346067415730338,0.28,7.865168539325842,0-5 (Slight),#F1C40F,7.674066,51.905881
4393102,9,732,1.779549180327869,0.7,8.743169398907105,0-5 (Slight),#F1C40F,7.677086,51.902746
4393102,N82,108,2.009351851851852,2.4450000000000003,4.62962962962963,0-5 (Slight),#F1C40F,7.677086,51.902746
4394102,9,475,3.5073473684210525,3.32,11.157894736842106,0-5 (Slight),#F1C40F,7.672919,51.900813
4394102,N82,155,1.1259354838709679,0.27,5.161290322580645,0-5 (Slight),#F1C40F,7.672919,51.900813
4395002,9,6652,0.6078803367408299,0.0,4.990980156343957,0-5 (Slight),#F1C40F,7.667001,51.900808
4395002,N82,2470,0.26242105263157894,0.0,2.42914979757085,0-5 (Slight),#F1C40F,7.667001,51.900808
4396101,6,530,3.2711698113207546,2.13,16.79245283018868,0-5 (Slight),#F1C40F,7.691115,51.915754
4396101,E6,29,3.0127586206896555,1.88,20.689655172413794,0-5 (Slight),#F1C40F,7.691115,51.915754
4396101,E85,2,2.2649999999999997,2.2649999999999997,0.0,0-5 (Slight),#F1C40F,7.691115,51.915754
4396101,N85,91,3.8099999999999996,2.38,36.26373626373626,0-5 (Slight),#F1C40F,7.691115,51.915754
4397102,6,884,1.972737556561086,0.33,14.479638009049776,0-5 (Slight),#F1C40F,7.670448,51.925949
4397102,E6,20,4.781499999999999,2.35,35.0,0-5 (Slight),#F1C40F,7.670448,51.925949
4397102,N85,97,4.139587628865979,3.07,30.927835051546392,0-5 (Slight),#F1C40F,7.670448,51.925949
4398102,9,540,3.1069814814814816,1.66,19.814814814814817,0-5 (Slight),#F1C40F,7.669501,51.901381
4398102,N82,285,1.5802456140350878,1.12,5.964912280701754,0-5 (Slight),#F1C40F,7.669501,51.901381
4399102,6,1100,2.2687999999999997,0.38,18.818181818181817,0-5 (Slight),#F1C40F,7.659339,51.934852
4399102,8,1321,1.2238682816048447,0.22,9.235427706283119,0-5 (Slight),#F1C40F,7.659339,51.934852
4399102,E6,54,5.348518518518518,2.05,33.33333333333333,5-10 (Moderate),#E67E22,7.659339,51.934852
4399102,E85,4,3.6675,4.715,25.0,0-5 (Slight),#F1C40F,7.659339,51.934852
4399102,N85,272,1.9462867647058824,0.19,16.911764705882355,0-5 (Slight),#F1C40F,7.659339,51.934852
4399501,6,456,3.808114035087719,2.17,31.140350877192986,0-5 (Slight),#F1C40F,7.655604,51.937029
4399501,8,484,3.783409090909091,2.34,29.958677685950413,0-5 (Slight),#F1C40F,7.655604,51.937029
4399501,E85,5,3.7840000000000003,5.33,60.0,0-5 (Slight),#F1C40F,7.655604,51.937029
4399501,N85,144,2.2904166666666668,1.12,28.47222222222222,0-5 (Slight),#F1C40F,7.655604,51.937029
4401102,7,16,1.085625,1.115,0.0,0-5 (Slight),#F1C40F,7.604215,51.924494
4401102,N81,191,3.1582722513089005,3.22,5.7591623036649215,0-5 (Slight),#F1C40F,7.604215,51.924494
4402002,7,23,0.1982608695652174,0.0,0.0,0-5 (Slight),#F1C40F,7.602848,51.922198
4402002,N81,10,1.081,-0.41500000000000004,0.0,0-5 (Slight),#F1C40F,7.602848,51.922198
4403102,7,4,1.25,0.33999999999999997,0.0,0-5 (Slight),#F1C40F,7.605193,51.926879
4403102,N81,136,1.6929411764705884,0.325,8.823529411764707,0-5 (Slight),#F1C40F,7.605193,51.926879
4404001,4,6061,1.0003794753341033,0.0,9.222900511466754,0-5 (Slight),#F1C40F,7.61587,51.93326
4404001,N81,268,1.2390298507462687,0.31,3.3582089552238807,0-5 (Slight),#F1C40F,7.61587,51.93326
4405001,4,830,1.5985542168674698,0.28,10.240963855421686,0-5 (Slight),#F1C40F,7.607467,51.930299
4405001,N81,246,1.8915447154471545,1.11,13.008130081300814,0-5 (Slight),#F1C40F,7.607467,51.930299
4406102,4,1090,2.16502752293578,1.72,12.293577981651376,0-5 (Slight),#F1C40F,7.61425,51.939655
4406102,E10,11,2.139090909090909,2.17,9.090909090909092,0-5 (Slight),#F1C40F,7.61425,51.939655
4406102,N81,106,3.8989622641509434,3.775,5.660377358490567,0-5 (Slight),#F1C40F,7.61425,51.939655
4407102,4,650,1.749492307692308,1.62,8.0,0-5 (Slight),#F1C40F,7.609001,51.936139
4407102,7,17,1.055294117647059,1.1,0.0,0-5 (Slight),#F1C40F,7.609001,51.936139
4407102,N81,245,1.5331428571428571,1.4,3.2653061224489797,0-5 (Slight),#F1C40F,7.609001,51.936139
4408001,15,542,3.214870848708487,3.28,13.653136531365314,0-5 (Slight),#F1C40F,7.608778,51.940351
4408001,16,419,2.184892601431981,2.37,7.875894988066825,0-5 (Slight),#F1C40F,7.608778,51.940351
4408001,4,1441,1.609500346981263,1.12,8.258154059680777,0-5 (Slight),#F1C40F,7.608778,51.940351
4408001,7,5,0.7819999999999999,0.2,0.0,0-5 (Slight),#F1C40F,7.608778,51.940351
4408001,E15,13,1.093846153846154,1.12,0.0,0-5 (Slight),#F1C40F,7.608778,51.940351
4408001,E84,2,1.575,1.575,0.0,0-5 (Slight),#F1C40F,7.608778,51.940351
4408001,N81,357,1.0071148459383754,0.15,1.680672268907563,0-5 (Slight),#F1C40F,7.608778,51.940351
4408001,N84,175,2.329428571428571,3.77,1.1428571428571428,0-5 (Slight),#F1C40F,7.608778,51.940351
4409102,15,867,2.4158131487889274,1.52,17.87773933102653,0-5 (Slight),#F1C40F,7.612396,51.94424
4409102,16,809,1.874548825710754,1.13,10.259579728059332,0-5 (Slight),#F1C40F,7.612396,51.94424
4409102,7,2,2.125,2.125,0.0,0-5 (Slight),#F1C40F,7.612396,51.94424
4409102,E15,1,2.05,2.05,0.0,0-5 (Slight),#F1C40F,7.612396,51.94424
4409102,E84,4,1.2025,0.17500000000000002,0.0,0-5 (Slight),#F1C40F,7.612396,51.94424
4409102,N84,240,2.12375,2.075,6.666666666666667,0-5 (Slight),#F1C40F,7.612396,51.94424
4410101,15,1266,1.291571879936809,0.36,10.66350710900474,0-5 (Slight),#F1C40F,7.615321,51.949964
4410101,16,1385,0.8801660649819495,0.33,5.92057761732852,0-5 (Slight),#F1C40F,7.615321,51.949964
4410101,7,17,0.9952941176470589,1.1,0.0,0-5 (Slight),#F1C40F,7.615321,51.949964
4410101,E10,4,1.7225000000000001,1.435,25.0,0-5 (Slight),#F1C40F,7.615321,51.949964
4410101,E15,63,-0.11825396825396825,0.0,0.0,< 0 (Early/On-time),#2ECC71,7.615321,51.949964
4410101,E84,9,1.3055555555555556,0.82,11.11111111111111,0-5 (Slight),#F1C40F,7.615321,51.949964
4410101,N84,461,0.9748156182212581,0.82,2.1691973969631237,0-5 (Slight),#F1C40F,7.615321,51.949964
4411001,10,2020,0.5773960396039604,0.0,4.603960396039604,0-5 (Slight),#F1C40F,7.570366,51.929838
4411001,16,5635,0.6471659272404614,0.0,4.330079858030168,0-5 (Slight),#F1C40F,7.570366,51.929838
4411001,20,582,0.7169587628865979,0.0,2.405498281786942,0-5 (Slight),#F1C40F,7.570366,51.929838
4411001,E10,52,3.7157692307692307,2.225,42.30769230769231,0-5 (Slight),#F1C40F,7.570366,51.929838
4411001,E15,17,4.125882352941177,2.97,23.52941176470588,0-5 (Slight),#F1C40F,7.570366,51.929838
4411001,N83,2724,0.25695301027900147,0.0,0.6240822320117474,0-5 (Slight),#F1C40F,7.570366,51.929838
4411502,20,51,3.2380392156862743,3.03,5.88235294117647,0-5 (Slight),#F1C40F,7.575775,51.929982
4411502,E10,28,3.3117857142857146,2.5700000000000003,17.857142857142858,0-5 (Slight),#F1C40F,7.575775,51.929982
4411502,N83,166,1.3905421686746986,0.43,1.8072289156626504,0-5 (Slight),#F1C40F,7.575775,51.929982
4412101,10,573,0.946108202443281,-0.07,4.886561954624781,0-5 (Slight),#F1C40F,7.572397,51.927923
4412101,16,1248,1.0083733974358975,0.37,6.25,0-5 (Slight),#F1C40F,7.572397,51.927923
4412101,20,232,0.3525431034482759,0.09,0.8620689655172413,0-5 (Slight),#F1C40F,7.572397,51.927923
4412101,E15,4,4.945,3.915,50.0,0-5 (Slight),#F1C40F,7.572397,51.927923
4413101,15,863,3.3763847045191198,3.03,14.13673232908459,0-5 (Slight),#F1C40F,7.61836,51.951905
4413101,16,677,2.580709010339734,2.95,7.828655834564254,0-5 (Slight),#F1C40F,7.61836,51.951905
4413101,4,1436,2.426483286908078,1.78,16.643454038997216,0-5 (Slight),#F1C40F,7.61836,51.951905
4413101,7,7,1.4528571428571428,0.13,0.0,0-5 (Slight),#F1C40F,7.61836,51.951905
4413101,E10,56,1.2169642857142857,0.10500000000000001,7.142857142857142,0-5 (Slight),#F1C40F,7.61836,51.951905
4413101,E84,2,1.95,1.95,0.0,0-5 (Slight),#F1C40F,7.61836,51.951905
4413101,N84,332,1.7538554216867468,0.36,8.734939759036145,0-5 (Slight),#F1C40F,7.61836,51.951905
4414101,10,543,3.2740331491712706,2.92,21.178637200736645,0-5 (Slight),#F1C40F,7.582982,51.926578
4414101,15,554,2.6581227436823105,1.95,15.342960288808664,0-5 (Slight),#F1C40F,7.582982,51.926578
4414101,16,566,1.722226148409894,1.02,6.007067137809187,0-5 (Slight),#F1C40F,7.582982,51.926578
4414101,20,176,0.6029545454545455,-0.5,1.1363636363636365,0-5 (Slight),#F1C40F,7.582982,51.926578
4414101,E15,4,3.53,3.81,0.0,0-5 (Slight),#F1C40F,7.582982,51.926578
4414101,E84,2,-0.014999999999999902,-0.014999999999999902,0.0,< 0 (Early/On-time),#2ECC71,7.582982,51.926578
4414101,N84,108,2.4767592592592593,2.725,16.666666666666664,0-5 (Slight),#F1C40F,7.582982,51.926578
4415102,15,762,2.559790026246719,1.19,19.028871391076116,0-5 (Slight),#F1C40F,7.58809,51.928104
4415102,16,776,2.0264690721649483,0.98,12.5,0-5 (Slight),#F1C40F,7.58809,51.928104
4415102,E15,10,0.604,0.12,10.0,0-5 (Slight),#F1C40F,7.58809,51.928104
4415102,E84,3,2.103333333333333,3.55,0.0,0-5 (Slight),#F1C40F,7.58809,51.928104
4415102,N84,103,3.150873786407767,3.8,0.9708737864077669,0-5 (Slight),#F1C40F,7.58809,51.928104
4416102,15,303,4.50980198019802,3.83,21.45214521452145,0-5 (Slight),#F1C40F,7.595317,51.931861
4416102,16,247,3.1769635627530364,3.08,14.17004048582996,0-5 (Slight),#F1C40F,7.595317,51.931861
4416102,E15,3,1.75,1.78,0.0,0-5 (Slight),#F1C40F,7.595317,51.931861
4416102,E84,1,0.17,0.17,0.0,0-5 (Slight),#F1C40F,7.595317,51.931861
4416102,N84,193,1.420362694300518,0.42,4.145077720207254,0-5 (Slight),#F1C40F,7.595317,51.931861
4417102,15,906,1.981953642384106,1.14,8.609271523178808,0-5 (Slight),#F1C40F,7.600119,51.934572
4417102,16,904,1.4751880530973451,0.42,4.092920353982301,0-5 (Slight),#F1C40F,7.600119,51.934572
4417102,E15,1,2.47,2.47,0.0,0-5 (Slight),#F1C40F,7.600119,51.934572
4417102,E84,5,1.0,1.02,0.0,0-5 (Slight),#F1C40F,7.600119,51.934572
4417102,N84,318,1.6038993710691825,1.6,3.459119496855346,0-5 (Slight),#F1C40F,7.600119,51.934572
4418102,15,559,1.9035599284436493,1.42,12.522361359570661,0-5 (Slight),#F1C40F,7.606432,51.938169
4418102,16,601,1.3635274542429285,0.4,6.821963394342761,0-5 (Slight),#F1C40F,7.606432,51.938169
4418102,E15,6,-0.24333333333333332,-0.265,0.0,< 0 (Early/On-time),#2ECC71,7.606432,51.938169
4418102,E84,1,-1.58,-1.58,0.0,< 0 (Early/On-time),#2ECC71,7.606432,51.938169
4418102,N84,109,1.5807339449541284,0.3,6.422018348623854,0-5 (Slight),#F1C40F,7.606432,51.938169
4419102,20,122,2.699098360655738,3.3099999999999996,9.836065573770492,0-5 (Slight),#F1C40F,7.574073,51.93737
4419102,E10,65,3.4804615384615385,2.77,16.923076923076923,0-5 (Slight),#F1C40F,7.574073,51.93737
4420101,15,651,2.141198156682028,0.95,18.586789554531492,0-5 (Slight),#F1C40F,7.602869,51.936209
4420101,16,665,1.3711127819548872,0.87,9.022556390977442,0-5 (Slight),#F1C40F,7.602869,51.936209
4420101,E15,3,-0.61,-0.55,0.0,< 0 (Early/On-time),#2ECC71,7.602869,51.936209
4420101,E84,1,1.95,1.95,0.0,0-5 (Slight),#F1C40F,7.602869,51.936209
4420101,N84,109,2.508623853211009,1.98,16.51376146788991,0-5 (Slight),#F1C40F,7.602869,51.936209
4421102,15,558,2.760573476702509,2.26,15.770609318996415,0-5 (Slight),#F1C40F,7.592937,51.930515
4421102,16,543,2.0030202578268876,0.42,9.760589318600369,0-5 (Slight),#F1C40F,7.592937,51.930515
4421102,E15,10,0.901,0.915,0.0,0-5 (Slight),#F1C40F,7.592937,51.930515
4421102,E84,6,0.8666666666666666,0.015,16.666666666666664,0-5 (Slight),#F1C40F,7.592937,51.930515
4421102,N84,173,1.2875144508670522,0.13,2.8901734104046244,0-5 (Slight),#F1C40F,7.592937,51.930515
4422101,10,379,2.412981530343008,2.52,14.775725593667547,0-5 (Slight),#F1C40F,7.597176,51.942434
4422101,E10,25,4.1852,2.07,32.0,0-5 (Slight),#F1C40F,7.597176,51.942434
4422101,E15,4,3.9549999999999996,2.675,25.0,0-5 (Slight),#F1C40F,7.597176,51.942434
4422101,E8,18,2.328333333333333,1.085,22.22222222222222,0-5 (Slight),#F1C40F,7.597176,51.942434
4422101,N83,162,1.3995679012345679,1.29,0.0,0-5 (Slight),#F1C40F,7.597176,51.942434
4423101,10,852,2.0318661971830987,1.3250000000000002,11.267605633802818,0-5 (Slight),#F1C40F,7.597792,51.937123
4423101,E10,33,1.435151515151515,0.23,6.0606060606060606,0-5 (Slight),#F1C40F,7.597792,51.937123
4423101,E8,2,3.3499999999999996,3.3499999999999996,0.0,0-5 (Slight),#F1C40F,7.597792,51.937123
4423101,N83,134,0.4664179104477612,-0.65,0.7462686567164178,0-5 (Slight),#F1C40F,7.597792,51.937123
4424102,10,408,2.084779411764706,0.87,12.254901960784313,0-5 (Slight),#F1C40F,7.601022,51.939636
4424102,E10,24,1.3591666666666666,0.10500000000000001,12.5,0-5 (Slight),#F1C40F,7.601022,51.939636
4424102,E8,4,2.0300000000000002,2.2,0.0,0-5 (Slight),#F1C40F,7.601022,51.939636
4424102,N83,291,0.2767353951890034,0.03,0.3436426116838488,0-5 (Slight),#F1C40F,7.601022,51.939636
4426102,10,336,2.486398809523809,3.21,10.416666666666668,0-5 (Slight),#F1C40F,7.600376,51.94116
4426102,E10,17,5.29235294117647,6.23,52.94117647058824,5-10 (Moderate),#E67E22,7.600376,51.94116
4426102,E8,9,0.49444444444444446,0.53,0.0,0-5 (Slight),#F1C40F,7.600376,51.94116
4426102,N83,133,1.4917293233082707,1.5,0.7518796992481203,0-5 (Slight),#F1C40F,7.600376,51.94116
4427102,10,340,2.5906764705882352,1.79,16.176470588235293,0-5 (Slight),#F1C40F,7.601458,51.945444
4427102,E10,19,2.975263157894737,4.37,15.789473684210526,0-5 (Slight),#F1C40F,7.601458,51.945444
4427102,E15,5,3.9800000000000004,2.03,20.0,0-5 (Slight),#F1C40F,7.601458,51.945444
4427102,E8,6,3.4299999999999997,2.665,33.33333333333333,0-5 (Slight),#F1C40F,7.601458,51.945444
4427102,N83,187,1.3420320855614973,1.05,0.0,0-5 (Slight),#F1C40F,7.601458,51.945444
4428102,10,983,1.726358087487284,1.08,9.766022380467955,0-5 (Slight),#F1C40F,7.604804,51.948734
4428102,E10,59,1.536271186440678,0.28,10.16949152542373,0-5 (Slight),#F1C40F,7.604804,51.948734
4428102,E15,11,5.628181818181818,5.17,54.54545454545454,5-10 (Moderate),#E67E22,7.604804,51.948734
4428102,E8,2,5.625,5.625,50.0,5-10 (Moderate),#E67E22,7.604804,51.948734
4428102,N83,154,0.6688311688311688,0.19,1.2987012987012987,0-5 (Slight),#F1C40F,7.604804,51.948734
4429102,10,497,2.7595975855130783,2.67,13.682092555331993,0-5 (Slight),#F1C40F,7.609307,51.950796
4429102,2,671,3.0294485842026826,2.9,12.667660208643817,0-5 (Slight),#F1C40F,7.609307,51.950796
4429102,E10,37,2.591891891891892,0.1,27.027027027027028,0-5 (Slight),#F1C40F,7.609307,51.950796
4429102,E15,6,4.94,4.11,33.33333333333333,0-5 (Slight),#F1C40F,7.609307,51.950796
4429102,E8,9,2.5533333333333332,1.48,11.11111111111111,0-5 (Slight),#F1C40F,7.609307,51.950796
4429102,N83,244,0.7659426229508196,0.2,1.2295081967213115,0-5 (Slight),#F1C40F,7.609307,51.950796
4430102,10,371,1.9114285714285715,1.93,7.547169811320755,0-5 (Slight),#F1C40F,7.611554,51.951909
4430102,2,342,2.6771637426900585,2.47,9.064327485380117,0-5 (Slight),#F1C40F,7.611554,51.951909
4430102,E10,8,7.27875,3.74,12.5,5-10 (Moderate),#E67E22,7.611554,51.951909
4430102,E15,2,3.165,3.165,0.0,0-5 (Slight),#F1C40F,7.611554,51.951909
4430102,E8,14,1.6085714285714285,0.14500000000000002,21.428571428571427,0-5 (Slight),#F1C40F,7.611554,51.951909
4430102,N83,191,1.20565445026178,1.05,0.5235602094240838,0-5 (Slight),#F1C40F,7.611554,51.951909
4431102,10,464,2.571616379310345,1.73,16.379310344827587,0-5 (Slight),#F1C40F,7.614494,51.953352
4431102,2,475,2.6202105263157893,2.0,14.947368421052632,0-5 (Slight),#F1C40F,7.614494,51.953352
4431102,E10,11,3.12,4.58,9.090909090909092,0-5 (Slight),#F1C40F,7.614494,51.953352
4431102,E15,5,2.022,2.07,0.0,0-5 (Slight),#F1C40F,7.614494,51.953352
4431102,E8,11,1.2354545454545454,-0.6,18.181818181818183,0-5 (Slight),#F1C40F,7.614494,51.953352
4431102,N83,131,1.5658015267175573,1.45,0.7633587786259541,0-5 (Slight),#F1C40F,7.614494,51.953352
4432101,4,1656,2.0765157004830916,1.39,10.024154589371982,0-5 (Slight),#F1C40F,7.612222,51.930943
4432101,N81,542,1.7432656826568267,1.3,4.243542435424354,0-5 (Slight),#F1C40F,7.612222,51.930943
4441101,10,757,1.1364861294583883,0.78,4.7556142668428,0-5 (Slight),#F1C40F,7.578722,51.925248
4441101,15,628,1.761624203821656,0.37,8.75796178343949,0-5 (Slight),#F1C40F,7.578722,51.925248
4441101,16,583,1.0497770154373927,-0.3,6.518010291595197,0-5 (Slight),#F1C40F,7.578722,51.925248
4441101,20,50,1.4369999999999998,1.46,6.0,0-5 (Slight),#F1C40F,7.578722,51.925248
4441101,E15,4,1.87,1.85,0.0,0-5 (Slight),#F1C40F,7.578722,51.925248
4441101,E84,1,1.83,1.83,0.0,0-5 (Slight),#F1C40F,7.578722,51.925248
4441101,N84,136,1.6699264705882353,1.775,8.088235294117647,0-5 (Slight),#F1C40F,7.578722,51.925248
4492102,15,391,2.5977237851662407,1.38,10.997442455242968,0-5 (Slight),#F1C40F,7.534711,51.924506
4492102,E15,10,5.3100000000000005,2.285,40.0,5-10 (Moderate),#E67E22,7.534711,51.924506
4492102,N84,80,2.873125,3.185,1.25,0-5 (Slight),#F1C40F,7.534711,51.924506
4493102,15,675,1.8468592592592594,0.65,11.25925925925926,0-5 (Slight),#F1C40F,7.552073,51.924955
4493102,E15,12,3.168333333333333,2.1100000000000003,16.666666666666664,0-5 (Slight),#F1C40F,7.552073,51.924955
4493102,E84,3,2.273333333333333,4.02,0.0,0-5 (Slight),#F1C40F,7.552073,51.924955
4493102,N84,140,2.123285714285714,2.7350000000000003,0.0,0-5 (Slight),#F1C40F,7.552073,51.924955
4494001,10,1551,1.0726305609284332,0.0,8.188265635074146,0-5 (Slight),#F1C40F,7.575603,51.918381
4494001,16,20,0.0,0.0,0.0,< 0 (Early/On-time),#2ECC71,7.575603,51.918381
4495102,10,70,1.9608571428571426,1.325,4.285714285714286,0-5 (Slight),#F1C40F,7.575667,51.919915
4495102,16,2,2.3449999999999998,2.3449999999999998,0.0,0-5 (Slight),#F1C40F,7.575667,51.919915
4496102,10,612,1.9741830065359478,1.63,11.601307189542483,0-5 (Slight),#F1C40F,7.573609,51.92141
4496102,16,22,0.465,0.425,0.0,0-5 (Slight),#F1C40F,7.573609,51.92141
4497102,15,945,2.280994708994709,1.07,16.613756613756614,0-5 (Slight),#F1C40F,7.562747,51.925198
4497102,E15,20,3.1454999999999997,2.15,15.0,0-5 (Slight),#F1C40F,7.562747,51.925198
4497102,E84,6,0.08666666666666667,0.11499999999999999,0.0,0-5 (Slight),#F1C40F,7.562747,51.925198
4497102,N84,299,1.3242140468227426,1.45,5.351170568561873,0-5 (Slight),#F1C40F,7.562747,51.925198
4498101,10,411,1.2206082725060827,0.42,6.326034063260341,0-5 (Slight),#F1C40F,7.573266,51.925046
4498101,15,678,2.1616519174041295,1.42,14.896755162241886,0-5 (Slight),#F1C40F,7.573266,51.925046
4498101,16,357,2.305798319327731,2.38,15.406162464985995,0-5 (Slight),#F1C40F,7.573266,51.925046
4498101,20,360,0.37283333333333335,-0.15,1.6666666666666667,0-5 (Slight),#F1C40F,7.573266,51.925046
4498101,E15,11,1.4227272727272726,1.03,9.090909090909092,0-5 (Slight),#F1C40F,7.573266,51.925046
4498101,E84,4,0.7575000000000001,0.71,0.0,0-5 (Slight),#F1C40F,7.573266,51.925046
4498101,N84,372,1.1619086021505376,0.84,6.989247311827956,0-5 (Slight),#F1C40F,7.573266,51.925046
4499102,4,699,2.0752217453505004,0.83,14.163090128755366,0-5 (Slight),#F1C40F,7.607972,51.933649
4499102,7,2,2.315,2.315,0.0,0-5 (Slight),#F1C40F,7.607972,51.933649
4499102,N81,246,1.263130081300813,0.7,8.536585365853659,0-5 (Slight),#F1C40F,7.607972,51.933649
4503101,14,1631,1.7064806866952789,0.97,10.606989576946658,0-5 (Slight),#F1C40F,7.594728,51.952096
4504101,14,436,2.159518348623853,1.9,7.339449541284404,0-5 (Slight),#F1C40F,,
4506101,14,364,1.9705494505494505,1.31,12.087912087912088,0-5 (Slight),#F1C40F,7.595969,51.957819
4507101,11,952,1.7900105042016805,0.3,11.554621848739496,0-5 (Slight),#F1C40F,7.603732,51.960158
4507101,12,20,2.5164999999999997,0.36,10.0,0-5 (Slight),#F1C40F,7.603732,51.960158
4507101,14,719,1.5761335187760779,1.53,10.15299026425591,0-5 (Slight),#F1C40F,7.603732,51.960158
4507101,E11,7,1.4285714285714286,0.62,14.285714285714285,0-5 (Slight),#F1C40F,7.603732,51.960158
4507101,E80,7,0.8585714285714285,0.72,0.0,0-5 (Slight),#F1C40F,7.603732,51.960158
4507101,N80,414,0.7697584541062802,0.3,3.140096618357488,0-5 (Slight),#F1C40F,7.603732,51.960158
4508101,11,1002,2.166936127744511,0.42,7.18562874251497,0-5 (Slight),#F1C40F,7.607857,51.961237
4508101,12,14,3.0500000000000003,3.65,14.285714285714285,0-5 (Slight),#F1C40F,7.607857,51.961237
4508101,14,369,2.2752574525745257,1.68,5.420054200542006,0-5 (Slight),#F1C40F,7.607857,51.961237
4508101,E11,2,6.785,6.785,100.0,5-10 (Moderate),#E67E22,7.607857,51.961237
4508101,E80,6,1.5633333333333335,1.785,0.0,0-5 (Slight),#F1C40F,7.607857,51.961237
4508101,N80,181,0.6887845303867404,0.05,3.314917127071823,0-5 (Slight),#F1C40F,7.607857,51.961237
4512301,11,858,5.825990675990676,3.04,40.20979020979021,5-10 (Moderate),#E67E22,7.56242,51.969587
4512301,12,16,1.83125,1.26,12.5,0-5 (Slight),#F1C40F,7.56242,51.969587
4512301,E80,2,0.94,0.94,0.0,0-5 (Slight),#F1C40F,7.56242,51.969587
4512301,Hä+G,8,-1.0662500000000001,-1.075,0.0,< 0 (Early/On-time),#2ECC71,7.56242,51.969587
4512301,N80,260,0.7566923076923078,0.15,3.8461538461538463,0-5 (Slight),#F1C40F,7.56242,51.969587
4513101,5,882,2.5844444444444443,2.22,8.956916099773244,0-5 (Slight),#F1C40F,7.56969,51.971358
4513101,E5,16,3.0300000000000002,3.94,0.0,0-5 (Slight),#F1C40F,7.56969,51.971358
4513101,E80,6,1.7983333333333331,1.125,16.666666666666664,0-5 (Slight),#F1C40F,7.56969,51.971358
4513101,N80,347,1.3690201729106628,0.93,5.187319884726225,0-5 (Slight),#F1C40F,7.56969,51.971358
4514102,11,596,2.3661577181208053,1.2,8.221476510067115,0-5 (Slight),#F1C40F,7.560842,51.970742
4514102,12,20,2.6454999999999997,1.85,10.0,0-5 (Slight),#F1C40F,7.560842,51.970742
4514102,E80,6,1.8133333333333335,2.545,0.0,0-5 (Slight),#F1C40F,7.560842,51.970742
4514102,N80,97,1.9116494845360825,1.02,16.49484536082474,0-5 (Slight),#F1C40F,7.560842,51.970742
4515101,5,1089,1.6566299357208447,0.85,12.48852157943067,0-5 (Slight),#F1C40F,7.573431,51.968871
4515101,E5,15,2.9353333333333333,2.25,13.333333333333334,0-5 (Slight),#F1C40F,7.573431,51.968871
4515101,E80,5,2.4379999999999997,2.53,0.0,0-5 (Slight),#F1C40F,7.573431,51.968871
4515101,Hä+G,23,1.5895652173913044,1.2,4.3478260869565215,0-5 (Slight),#F1C40F,7.573431,51.968871
4515101,N80,299,1.0619397993311037,0.32,8.695652173913043,0-5 (Slight),#F1C40F,7.573431,51.968871
4516101,11,828,3.101183574879227,2.37,13.405797101449277,0-5 (Slight),#F1C40F,7.579984,51.967464
4516101,5,1158,2.736174438687392,1.98,13.385146804835923,0-5 (Slight),#F1C40F,7.579984,51.967464
4516101,E5,14,2.7800000000000002,2.4050000000000002,14.285714285714285,0-5 (Slight),#F1C40F,7.579984,51.967464
4516101,E80,11,1.9081818181818184,2.17,0.0,0-5 (Slight),#F1C40F,7.579984,51.967464
4516101,N80,162,2.7435185185185182,2.32,9.876543209876543,0-5 (Slight),#F1C40F,7.579984,51.967464
4517101,11,1250,1.3106799999999998,0.23,10.0,0-5 (Slight),#F1C40F,7.560465,51.973127
4517101,12,15,2.4673333333333334,2.48,20.0,0-5 (Slight),#F1C40F,7.560465,51.973127
4517101,E80,2,3.2,3.2,0.0,0-5 (Slight),#F1C40F,7.560465,51.973127
4517101,N80,98,2.6416326530612246,2.33,8.16326530612245,0-5 (Slight),#F1C40F,7.560465,51.973127
4518101,11,973,2.717954779033916,1.32,10.894141829393627,0-5 (Slight),#F1C40F,7.590389,51.965359
4518101,5,706,2.99800283286119,2.24,11.756373937677052,0-5 (Slight),#F1C40F,7.590389,51.965359
4518101,E5,13,3.8376923076923077,3.98,23.076923076923077,0-5 (Slight),#F1C40F,7.590389,51.965359
4518101,E80,6,0.9583333333333334,1.0,0.0,0-5 (Slight),#F1C40F,7.590389,51.965359
4518101,N80,369,0.9080758807588075,0.08,2.9810298102981028,0-5 (Slight),#F1C40F,7.590389,51.965359
4519101,11,570,2.49940350877193,1.0,24.561403508771928,0-5 (Slight),#F1C40F,7.577671,51.970225
4520101,1,1486,2.0597779273216688,1.23,10.699865410497981,0-5 (Slight),#F1C40F,7.600259,51.965036
4520101,11,1488,2.466377688172043,1.45,11.559139784946236,0-5 (Slight),#F1C40F,7.600259,51.965036
4520101,12,32,2.4115625,2.04,15.625,0-5 (Slight),#F1C40F,7.600259,51.965036
4520101,2,984,2.2320934959349596,1.73,12.804878048780488,0-5 (Slight),#F1C40F,7.600259,51.965036
4520101,5,1292,2.7395278637770897,1.23,11.687306501547988,0-5 (Slight),#F1C40F,7.600259,51.965036
4520101,E11,36,4.721388888888889,4.45,41.66666666666667,0-5 (Slight),#F1C40F,7.600259,51.965036
4520101,E5,17,4.0200000000000005,2.32,47.05882352941176,0-5 (Slight),#F1C40F,7.600259,51.965036
4520101,E80,9,2.3355555555555556,3.05,0.0,0-5 (Slight),#F1C40F,7.600259,51.965036
4520101,N80,203,2.3267487684729065,1.5,10.83743842364532,0-5 (Slight),#F1C40F,7.600259,51.965036
4521101,1,686,2.8543002915451896,0.35,15.451895043731778,0-5 (Slight),#F1C40F,7.606044,51.966257
4521101,5,719,3.4735744089012517,2.92,15.577190542420027,0-5 (Slight),#F1C40F,7.606044,51.966257
4521101,E5,10,4.88,4.91,30.0,0-5 (Slight),#F1C40F,7.606044,51.966257
4524102,2,936,2.094380341880342,1.28,14.743589743589745,0-5 (Slight),#F1C40F,7.604123,51.950989
4525102,1,791,1.496068268015171,0.83,6.1946902654867255,0-5 (Slight),#F1C40F,7.581701,51.96045
4525102,12,24,2.5170833333333333,2.635,4.166666666666666,0-5 (Slight),#F1C40F,7.581701,51.96045
4526001,1,724,2.4300690607734805,1.3450000000000002,11.602209944751381,0-5 (Slight),#F1C40F,7.589182,51.961537
4526001,12,13,3.287692307692308,2.1,30.76923076923077,0-5 (Slight),#F1C40F,7.589182,51.961537
4527102,1,598,1.529247491638796,0.26,7.859531772575251,0-5 (Slight),#F1C40F,7.594452,51.961778
4527102,12,12,3.3141666666666665,1.24,8.333333333333332,0-5 (Slight),#F1C40F,7.594452,51.961778
4528101,E85,6,1.1933333333333334,1.2650000000000001,0.0,0-5 (Slight),#F1C40F,7.602048,51.967955
4528101,N85,249,2.0564257028112447,1.42,13.654618473895583,0-5 (Slight),#F1C40F,7.602048,51.967955
4529101,15,644,1.947080745341615,1.12,10.403726708074535,0-5 (Slight),#F1C40F,7.595289,52.000491
4529101,16,1127,1.6322715173025732,0.38,16.68145519077196,0-5 (Slight),#F1C40F,7.595289,52.000491
4529101,E81,5,2.23,0.35,40.0,0-5 (Slight),#F1C40F,7.595289,52.000491
4529101,N81,316,2.053544303797468,3.48,4.430379746835443,0-5 (Slight),#F1C40F,7.595289,52.000491
4530101,15,607,1.4042174629324546,0.3,7.907742998352553,0-5 (Slight),#F1C40F,7.598429,51.997961
4530101,16,242,2.871900826446281,2.75,13.223140495867769,0-5 (Slight),#F1C40F,7.598429,51.997961
4530101,E81,6,2.6366666666666667,1.17,33.33333333333333,0-5 (Slight),#F1C40F,7.598429,51.997961
4530101,N81,200,1.8112000000000001,1.12,9.5,0-5 (Slight),#F1C40F,7.598429,51.997961
4531001,15,4500,0.7610066666666667,0.0,7.355555555555555,0-5 (Slight),#F1C40F,7.590371,51.998806
4531001,16,4666,0.40777968281183025,0.0,5.486498071153021,0-5 (Slight),#F1C40F,7.590371,51.998806
4531001,E81,34,1.558235294117647,1.175,2.941176470588235,0-5 (Slight),#F1C40F,7.590371,51.998806
4531001,N81,732,0.9203688524590165,0.28,4.098360655737705,0-5 (Slight),#F1C40F,7.590371,51.998806
4532101,1,825,1.6530424242424242,1.23,7.878787878787878,0-5 (Slight),#F1C40F,7.597102,51.963481
4532101,12,13,4.340769230769231,3.72,15.384615384615385,0-5 (Slight),#F1C40F,7.597102,51.963481
4533101,9,546,2.686245421245421,2.17,15.018315018315018,0-5 (Slight),#F1C40F,7.595141,51.991449
4533101,N81,143,0.8262937062937062,0.18,4.195804195804196,0-5 (Slight),#F1C40F,7.595141,51.991449
4534101,9,705,2.282964539007092,1.55,14.042553191489363,0-5 (Slight),#F1C40F,7.594339,51.988857
4534101,N81,56,3.549285714285714,3.76,5.357142857142857,0-5 (Slight),#F1C40F,7.594339,51.988857
4535101,9,482,2.301908713692946,1.11,13.278008298755188,0-5 (Slight),#F1C40F,7.589737,51.987003
4536101,9,586,3.07481228668942,2.025,21.672354948805463,0-5 (Slight),#F1C40F,7.588992,51.984506
4537101,2,347,2.7555331412103747,2.42,18.155619596541786,0-5 (Slight),#F1C40F,7.594889,51.971738
4537101,E85,1,-0.53,-0.53,0.0,< 0 (Early/On-time),#2ECC71,7.594889,51.971738
4537101,N85,218,1.8985779816513761,1.17,3.211009174311927,0-5 (Slight),#F1C40F,7.594889,51.971738
4537501,2,680,2.266264705882353,1.32,12.941176470588237,0-5 (Slight),#F1C40F,7.597553,51.966693
4538001,2,860,2.4187558139534886,1.34,14.418604651162791,0-5 (Slight),#F1C40F,7.590874,51.973458
4538001,E85,2,2.55,2.55,0.0,0-5 (Slight),#F1C40F,7.590874,51.973458
4538001,N85,237,2.96662447257384,2.73,8.438818565400844,0-5 (Slight),#F1C40F,7.590874,51.973458
4538501,2,2151,1.3966387726638774,0.35,8.321710832171084,0-5 (Slight),#F1C40F,7.585551,51.975923
4538501,E85,12,1.3675,1.1949999999999998,0.0,0-5 (Slight),#F1C40F,7.585551,51.975923
4538501,N85,413,2.1953026634382566,1.97,13.559322033898304,0-5 (Slight),#F1C40F,7.585551,51.975923
4539101,E85,3,0.3433333333333333,0.33,0.0,0-5 (Slight),#F1C40F,7.610797,51.970627
4539101,N85,345,0.9309275362318841,0.15,10.144927536231885,0-5 (Slight),#F1C40F,7.610797,51.970627
4542101,15,602,1.9301993355481728,0.4,15.11627906976744,0-5 (Slight),#F1C40F,7.612989,51.995615
4542101,6,25,2.9844,1.32,36.0,0-5 (Slight),#F1C40F,7.612989,51.995615
4542101,8,12,4.795,6.395,58.333333333333336,0-5 (Slight),#F1C40F,7.612989,51.995615
4542101,E81,4,1.6600000000000001,1.855,0.0,0-5 (Slight),#F1C40F,7.612989,51.995615
4542101,N81,171,1.1789473684210525,0.22,5.847953216374268,0-5 (Slight),#F1C40F,7.612989,51.995615
4543001,15,280,2.8801785714285715,3.15,10.0,0-5 (Slight),#F1C40F,7.611077,51.993644
4543001,17,652,1.9695705521472393,1.75,5.214723926380368,0-5 (Slight),#F1C40F,7.611077,51.993644
4543001,19,306,3.4376470588235297,3.675,12.091503267973856,0-5 (Slight),#F1C40F,7.611077,51.993644
4543001,6,6,8.156666666666666,5.86,50.0,5-10 (Moderate),#E67E22,7.611077,51.993644
4543001,8,1,7.1,7.1,100.0,5-10 (Moderate),#E67E22,7.611077,51.993644
4543001,E81,6,1.8766666666666667,0.28,33.33333333333333,0-5 (Slight),#F1C40F,7.611077,51.993644
4543001,N81,287,0.30006968641114984,0.13,2.0905923344947737,0-5 (Slight),#F1C40F,7.611077,51.993644
4544101,15,990,2.2925050505050506,1.7,11.818181818181818,0-5 (Slight),#F1C40F,7.611501,51.987882
4544101,16,740,1.5820675675675675,0.48,6.486486486486487,0-5 (Slight),#F1C40F,7.611501,51.987882
4544101,E81,5,2.9360000000000004,1.83,20.0,0-5 (Slight),#F1C40F,7.611501,51.987882
4544101,N81,384,1.382109375,1.07,8.333333333333332,0-5 (Slight),#F1C40F,7.611501,51.987882
4545101,15,1090,2.147651376146789,1.0750000000000002,15.412844036697248,0-5 (Slight),#F1C40F,7.611887,51.982754
4545101,16,1148,1.7260104529616724,1.12,9.75609756097561,0-5 (Slight),#F1C40F,7.611887,51.982754
4545101,E81,4,2.92,2.8899999999999997,0.0,0-5 (Slight),#F1C40F,7.611887,51.982754
4545101,N81,179,2.4198324022346367,2.8,3.35195530726257,0-5 (Slight),#F1C40F,7.611887,51.982754
4547101,15,396,2.578712121212121,2.705,13.88888888888889,0-5 (Slight),#F1C40F,7.612148,51.979501
4547101,16,531,1.9251224105461393,2.02,9.792843691148775,0-5 (Slight),#F1C40F,7.612148,51.979501
4547101,E81,2,3.9050000000000002,3.9050000000000002,0.0,0-5 (Slight),#F1C40F,7.612148,51.979501
4547101,N81,111,1.8558558558558558,2.92,1.8018018018018018,0-5 (Slight),#F1C40F,7.612148,51.979501
4548101,15,584,2.835479452054795,1.87,8.21917808219178,0-5 (Slight),#F1C40F,7.61234,51.977124
4548101,16,524,2.49837786259542,1.79,8.778625954198473,0-5 (Slight),#F1C40F,7.61234,51.977124
4548101,E81,8,1.19625,0.1,12.5,0-5 (Slight),#F1C40F,7.61234,51.977124
4548101,N81,272,1.3104411764705883,1.375,2.5735294117647056,0-5 (Slight),#F1C40F,7.61234,51.977124
4549101,11,1362,2.270712187958884,1.27,12.62848751835536,0-5 (Slight),#F1C40F,7.602662,51.960929
4549101,12,17,4.097058823529412,1.67,35.294117647058826,0-5 (Slight),#F1C40F,7.602662,51.960929
4549101,2,667,3.3217091454272865,2.88,13.043478260869565,0-5 (Slight),#F1C40F,7.602662,51.960929
4549101,E11,29,1.946206896551724,1.52,10.344827586206897,0-5 (Slight),#F1C40F,7.602662,51.960929
4549101,E80,9,-0.057777777777777733,-0.67,0.0,< 0 (Early/On-time),#2ECC71,7.602662,51.960929
4549101,N80,303,1.4831353135313532,1.5,1.3201320132013201,0-5 (Slight),#F1C40F,7.602662,51.960929
4550001,16,918,1.3589433551198258,0.88,8.387799564270153,0-5 (Slight),#F1C40F,7.599028,51.992399
4550001,9,508,3.177185039370079,2.635,16.535433070866144,0-5 (Slight),#F1C40F,7.599028,51.992399
4550001,N81,144,1.2814583333333334,1.12,3.4722222222222223,0-5 (Slight),#F1C40F,7.599028,51.992399
4551101,9,352,3.6064488636363636,3.5,15.909090909090908,0-5 (Slight),#F1C40F,7.594526,51.980707
4552101,9,794,2.850214105793451,1.22,17.758186397984886,0-5 (Slight),#F1C40F,7.603562,51.975328
4553101,9,802,2.6876184538653365,2.13,13.341645885286782,0-5 (Slight),#F1C40F,7.607501,51.973997
4553101,E85,7,2.062857142857143,2.15,0.0,0-5 (Slight),#F1C40F,7.607501,51.973997
4553101,N85,546,2.5732600732600734,2.27,6.7765567765567765,0-5 (Slight),#F1C40F,7.607501,51.973997
4554101,2,3209,1.4432253038329699,0.67,11.810532876285446,0-5 (Slight),#F1C40F,7.600781,51.977051
4554101,9,670,3.288014925373134,2.65,20.0,0-5 (Slight),#F1C40F,7.600781,51.977051
4555102,16,614,1.2424429967426711,0.35,7.0032573289902285,0-5 (Slight),#F1C40F,7.602293,51.989992
4555102,N81,179,1.0804469273743018,-0.15,3.35195530726257,0-5 (Slight),#F1C40F,7.602293,51.989992
4556102,16,314,2.737324840764331,2.57,14.968152866242038,0-5 (Slight),#F1C40F,7.607379,51.989428
4556102,N81,225,1.424088888888889,1.72,2.666666666666667,0-5 (Slight),#F1C40F,7.607379,51.989428
4561101,17,847,1.5764344746162928,1.1,6.729634002361275,0-5 (Slight),#F1C40F,7.620269,51.984382
4562101,17,270,1.9414444444444448,1.7,4.444444444444445,0-5 (Slight),#F1C40F,7.621475,51.987555
4564101,17,417,1.5788729016786571,0.28,8.872901678657074,0-5 (Slight),#F1C40F,7.6173,51.99091
4565101,11,607,2.552932454695222,1.25,21.911037891268535,0-5 (Slight),#F1C40F,7.565786,51.965483
4565101,12,12,2.419166666666667,1.715,8.333333333333332,0-5 (Slight),#F1C40F,7.565786,51.965483
4565101,E80,6,-0.06333333333333332,0.024999999999999994,0.0,< 0 (Early/On-time),#2ECC71,7.565786,51.965483
4565101,Hä+G,18,2.5294444444444446,2.035,11.11111111111111,0-5 (Slight),#F1C40F,7.565786,51.965483
4565101,N80,204,1.4062254901960785,1.04,4.901960784313726,0-5 (Slight),#F1C40F,7.565786,51.965483
4566101,11,1483,1.2536480107889414,0.68,6.608226567768037,0-5 (Slight),#F1C40F,7.567053,51.961655
4566101,12,21,3.4147619047619053,3.03,14.285714285714285,0-5 (Slight),#F1C40F,7.567053,51.961655
4566101,E80,4,0.5375,-0.5900000000000001,0.0,0-5 (Slight),#F1C40F,7.567053,51.961655
4566101,N80,123,2.2401626016260163,2.13,4.878048780487805,0-5 (Slight),#F1C40F,7.567053,51.961655
4567001,11,786,2.526412213740458,2.08,8.269720101781171,0-5 (Slight),#F1C40F,7.569619,51.959607
4567001,12,16,3.6175,1.9899999999999998,12.5,0-5 (Slight),#F1C40F,7.569619,51.959607
4567001,E80,3,1.49,3.05,0.0,0-5 (Slight),#F1C40F,7.569619,51.959607
4567001,Hä+G,50,1.6063999999999998,1.8,2.0,0-5 (Slight),#F1C40F,7.569619,51.959607
4567001,N80,95,1.8125263157894738,1.17,7.368421052631578,0-5 (Slight),#F1C40F,7.569619,51.959607
4583101,19,195,2.893230769230769,1.87,22.564102564102566,0-5 (Slight),#F1C40F,7.614072,51.999774
4583101,9,151,2.5076821192052976,1.97,15.2317880794702,0-5 (Slight),#F1C40F,7.614072,51.999774
4584101,15,418,2.0093062200956937,0.645,13.875598086124402,0-5 (Slight),#F1C40F,7.608435,51.99747
4584101,19,222,2.556621621621622,2.53,11.26126126126126,0-5 (Slight),#F1C40F,7.608435,51.99747
4584101,6,22,5.1045454545454545,4.925,45.45454545454545,5-10 (Moderate),#E67E22,7.608435,51.99747
4584101,8,35,4.196571428571429,4.32,34.285714285714285,0-5 (Slight),#F1C40F,7.608435,51.99747
4584101,9,144,3.292569444444444,2.7,20.13888888888889,0-5 (Slight),#F1C40F,7.608435,51.99747
4584101,N81,41,2.98,3.17,4.878048780487805,0-5 (Slight),#F1C40F,7.608435,51.99747
4585001,15,624,2.4086538461538463,1.665,12.5,0-5 (Slight),#F1C40F,7.602791,51.996913
4585001,17,3259,0.41473151273396747,0.0,3.7434795949677815,0-5 (Slight),#F1C40F,7.602791,51.996913
4585001,19,405,2.5555555555555554,1.95,16.790123456790123,0-5 (Slight),#F1C40F,7.602791,51.996913
4585001,6,116,3.763448275862069,3.2649999999999997,36.206896551724135,0-5 (Slight),#F1C40F,7.602791,51.996913
4585001,8,116,1.869741379310345,0.0,18.96551724137931,0-5 (Slight),#F1C40F,7.602791,51.996913
4585001,9,1184,2.260456081081081,1.275,15.287162162162163,0-5 (Slight),#F1C40F,7.602791,51.996913
4585001,E81,5,2.0780000000000003,2.17,0.0,0-5 (Slight),#F1C40F,7.602791,51.996913
4585001,N81,138,3.109927536231884,2.08,15.217391304347828,0-5 (Slight),#F1C40F,7.602791,51.996913
4585101,9,4355,0.6288702640642939,0.0,5.510907003444316,0-5 (Slight),#F1C40F,7.606371,52.001548
4586001,14,5540,0.6629296028880867,0.0,3.8267148014440435,0-5 (Slight),#F1C40F,7.589978,51.949588
4587101,2,693,2.46008658008658,2.12,14.14141414141414,0-5 (Slight),#F1C40F,7.602703,51.956359
4588101,11,681,2.3834067547723934,0.42,16.740088105726873,0-5 (Slight),#F1C40F,7.595155,51.965049
4588101,5,1011,1.7331552917903066,0.47,16.716122650840752,0-5 (Slight),#F1C40F,7.595155,51.965049
4588101,E5,12,2.0100000000000002,2.24,0.0,0-5 (Slight),#F1C40F,7.595155,51.965049
4588101,E80,3,1.8033333333333335,1.83,0.0,0-5 (Slight),#F1C40F,7.595155,51.965049
4588101,N80,275,0.4356363636363636,-0.2,7.2727272727272725,0-5 (Slight),#F1C40F,7.595155,51.965049
4589101,11,1110,2.6629639639639637,2.0,8.91891891891892,0-5 (Slight),#F1C40F,7.582947,51.965709
4589101,5,802,3.569600997506235,3.05,11.596009975062344,0-5 (Slight),#F1C40F,7.582947,51.965709
4589101,E5,13,4.584615384615384,4.67,23.076923076923077,0-5 (Slight),#F1C40F,7.582947,51.965709
4589101,E80,2,2.6900000000000004,2.6900000000000004,50.0,0-5 (Slight),#F1C40F,7.582947,51.965709
4589101,N80,170,1.691,1.1549999999999998,4.117647058823529,0-5 (Slight),#F1C40F,7.582947,51.965709
4590101,11,1205,1.7135850622406639,1.02,6.8879668049792535,0-5 (Slight),#F1C40F,7.571419,51.974025
4590101,E85,2,1.99,1.99,0.0,0-5 (Slight),#F1C40F,7.571419,51.974025
4590101,Hä+G,7,1.052857142857143,0.98,0.0,0-5 (Slight),#F1C40F,7.571419,51.974025
4590101,N85,140,3.072571428571429,2.425,14.285714285714285,0-5 (Slight),#F1C40F,7.571419,51.974025
4591101,11,650,2.487230769230769,0.49,18.153846153846153,0-5 (Slight),#F1C40F,7.575216,51.97262
4591101,E85,2,2.465,2.465,0.0,0-5 (Slight),#F1C40F,7.575216,51.97262
4591101,Hä+G,8,2.45625,2.61,0.0,0-5 (Slight),#F1C40F,7.575216,51.97262
4591101,N85,207,2.8317391304347823,2.33,7.729468599033816,0-5 (Slight),#F1C40F,7.575216,51.97262
4591501,E85,2,1.2650000000000001,1.2650000000000001,0.0,0-5 (Slight),#F1C40F,7.574281,51.975584
4591501,N85,654,1.4077522935779816,0.91,3.058103975535168,0-5 (Slight),#F1C40F,7.574281,51.975584
4592101,19,515,2.1874757281553396,1.17,14.951456310679612,0-5 (Slight),#F1C40F,7.620125,51.993255
4592101,6,22,5.398181818181818,4.75,40.909090909090914,5-10 (Moderate),#E67E22,7.620125,51.993255
4592101,8,24,1.8075,0.1,25.0,0-5 (Slight),#F1C40F,7.620125,51.993255
4593101,19,364,3.06271978021978,2.2649999999999997,18.681318681318682,0-5 (Slight),#F1C40F,7.634372,51.995285
4593101,6,50,3.8975999999999997,3.035,48.0,0-5 (Slight),#F1C40F,7.634372,51.995285
4593101,8,23,3.005652173913043,2.1,39.130434782608695,0-5 (Slight),#F1C40F,7.634372,51.995285
4594101,17,683,5.67203513909224,3.0,40.55636896046852,5-10 (Moderate),#E67E22,7.606474,51.993926
4594101,19,337,3.4062017804154308,2.63,22.551928783382788,0-5 (Slight),#F1C40F,7.606474,51.993926
4595101,15,812,1.9655172413793103,1.4,8.74384236453202,0-5 (Slight),#F1C40F,7.612418,51.99784
4595101,19,272,3.228933823529412,2.97,13.602941176470587,0-5 (Slight),#F1C40F,7.612418,51.99784
4595101,6,18,3.8827777777777777,4.275,44.44444444444444,0-5 (Slight),#F1C40F,7.612418,51.99784
4595101,8,16,2.2800000000000002,0.24000000000000002,31.25,0-5 (Slight),#F1C40F,7.612418,51.99784
4595101,9,170,4.488352941176471,4.025,21.764705882352942,0-5 (Slight),#F1C40F,7.612418,51.99784
4595101,E81,3,1.5366666666666664,3.15,0.0,0-5 (Slight),#F1C40F,7.612418,51.99784
4595101,N81,38,2.42,3.025,10.526315789473683,0-5 (Slight),#F1C40F,7.612418,51.99784
4596101,16,771,1.4567185473411155,0.82,5.706874189364462,0-5 (Slight),#F1C40F,7.600305,51.996395
4596101,17,482,1.3225103734439836,-0.57,4.979253112033195,0-5 (Slight),#F1C40F,7.600305,51.996395
4596101,19,451,2.430221729490022,1.18,18.181818181818183,0-5 (Slight),#F1C40F,7.600305,51.996395
4596101,9,1035,1.5294106280193238,0.77,8.599033816425122,0-5 (Slight),#F1C40F,7.600305,51.996395
4596101,N81,264,1.5279545454545453,1.65,3.0303030303030303,0-5 (Slight),#F1C40F,7.600305,51.996395
4597101,15,794,1.9993324937027708,0.375,11.964735516372796,0-5 (Slight),#F1C40F,7.592289,52.000843
4597101,16,1272,3.5840408805031445,1.85,33.33333333333333,0-5 (Slight),#F1C40F,7.592289,52.000843
4597101,E81,1,4.42,4.42,0.0,0-5 (Slight),#F1C40F,7.592289,52.000843
4597101,N81,596,3.0979362416107383,3.82,16.946308724832214,0-5 (Slight),#F1C40F,7.592289,52.000843
4598101,2,275,3.2687636363636363,3.82,9.454545454545455,0-5 (Slight),#F1C40F,7.597151,51.971015
4598101,E85,1,0.35,0.35,0.0,0-5 (Slight),#F1C40F,7.597151,51.971015
4598101,N85,498,0.7087951807228916,0.15,4.819277108433735,0-5 (Slight),#F1C40F,7.597151,51.971015
4599101,2,407,2.5788943488943485,2.87,13.513513513513514,0-5 (Slight),#F1C40F,7.596659,51.969111
4600101,11,836,2.455227272727273,1.3,15.789473684210526,0-5 (Slight),#F1C40F,7.564956,51.973993
4600101,12,109,0.5730275229357799,0.0,2.7522935779816518,0-5 (Slight),#F1C40F,7.564956,51.973993
4600101,5,847,3.4620188902007083,3.38,8.500590318772137,0-5 (Slight),#F1C40F,7.564956,51.973993
4600101,E5,7,4.288571428571428,4.92,42.857142857142854,0-5 (Slight),#F1C40F,7.564956,51.973993
4600101,E80,7,0.7300000000000001,0.12,0.0,0-5 (Slight),#F1C40F,7.564956,51.973993
4600101,E85,5,0.238,0.3,0.0,0-5 (Slight),#F1C40F,7.564956,51.973993
4600101,Hä+G,32,-2.539375,-0.615,3.125,< 0 (Early/On-time),#2ECC71,7.564956,51.973993
4600101,N80,251,2.090239043824701,1.95,5.9760956175298805,0-5 (Slight),#F1C40F,7.564956,51.973993
4600101,N85,586,0.6646928327645051,0.15,5.972696245733788,0-5 (Slight),#F1C40F,7.564956,51.973993
4601101,17,325,2.203446153846154,2.33,11.692307692307692,0-5 (Slight),#F1C40F,7.615462,51.993239
4601101,19,297,2.3542087542087544,2.07,12.457912457912458,0-5 (Slight),#F1C40F,7.615462,51.993239
4601101,6,34,3.0620588235294117,3.78,20.588235294117645,0-5 (Slight),#F1C40F,7.615462,51.993239
4601101,8,10,2.87,3.575,0.0,0-5 (Slight),#F1C40F,7.615462,51.993239
4602101,11,1027,2.5997078870496595,1.92,10.710808179162608,0-5 (Slight),#F1C40F,7.569879,51.975381
4602101,E85,4,1.125,1.075,0.0,0-5 (Slight),#F1C40F,7.569879,51.975381
4602101,Hä+G,142,0.043309859154929575,0.32,0.0,0-5 (Slight),#F1C40F,7.569879,51.975381
4602101,N85,136,2.364779411764706,1.03,23.52941176470588,0-5 (Slight),#F1C40F,7.569879,51.975381
4603101,11,548,2.770328467153285,2.02,12.59124087591241,0-5 (Slight),#F1C40F,7.562693,51.967821
4603101,12,11,-0.21,0.12,0.0,< 0 (Early/On-time),#2ECC71,7.562693,51.967821
4603101,E80,5,1.704,1.03,20.0,0-5 (Slight),#F1C40F,7.562693,51.967821
4603101,Hä+G,8,2.58125,2.71,0.0,0-5 (Slight),#F1C40F,7.562693,51.967821
4603101,N80,301,0.49926910299003324,0.15,2.6578073089700998,0-5 (Slight),#F1C40F,7.562693,51.967821
4607101,17,286,2.0705594405594403,1.0750000000000002,11.888111888111888,0-5 (Slight),#F1C40F,7.620796,51.98965
4610101,5,1096,3.276888686131387,2.9,11.587591240875913,0-5 (Slight),#F1C40F,7.542937,51.987706
4610101,E5,14,3.767857142857143,4.625,14.285714285714285,0-5 (Slight),#F1C40F,7.542937,51.987706
4610101,E85,8,1.42875,1.745,0.0,0-5 (Slight),#F1C40F,7.542937,51.987706
4610101,N85,271,2.6172324723247233,1.68,21.771217712177123,0-5 (Slight),#F1C40F,7.542937,51.987706
4614101,1,1243,2.1089058728881738,1.75,9.17135961383749,0-5 (Slight),#F1C40F,7.552161,51.952773
4614101,20,246,2.2715853658536584,2.1900000000000004,9.34959349593496,0-5 (Slight),#F1C40F,7.552161,51.952773
4614101,E1,15,2.6820000000000004,2.22,26.666666666666668,0-5 (Slight),#F1C40F,7.552161,51.952773
4614101,E10,40,3.5432499999999996,3.53,27.500000000000004,0-5 (Slight),#F1C40F,7.552161,51.952773
4614101,E80,6,0.9199999999999999,0.285,0.0,0-5 (Slight),#F1C40F,7.552161,51.952773
4614101,N80,319,1.9257993730407525,1.8,4.075235109717868,0-5 (Slight),#F1C40F,7.552161,51.952773
4615101,N85,277,0.6507220216606499,0.0,1.8050541516245486,0-5 (Slight),#F1C40F,7.563501,51.973252
4616101,5,387,2.9212403100775193,1.4,20.41343669250646,0-5 (Slight),#F1C40F,7.561644,51.976112
4616101,E5,8,2.0075000000000003,1.935,0.0,0-5 (Slight),#F1C40F,7.561644,51.976112
4616101,E85,1,-0.47,-0.47,0.0,< 0 (Early/On-time),#2ECC71,7.561644,51.976112
4616101,N85,157,1.927324840764331,1.62,3.1847133757961785,0-5 (Slight),#F1C40F,7.561644,51.976112
4617101,2,420,1.5606904761904763,-0.15,3.0952380952380953,0-5 (Slight),#F1C40F,7.592306,51.974814
4618101,2,144,2.6932638888888887,2.65,21.52777777777778,0-5 (Slight),#F1C40F,7.594818,51.976438
4619001,2,1168,5.24429794520548,6.8,55.13698630136986,5-10 (Moderate),#E67E22,7.597531,51.975426
4623101,4,604,1.491953642384106,0.93,9.7682119205298,0-5 (Slight),#F1C40F,7.670141,52.01634
4623101,E12,9,3.198888888888889,2.23,22.22222222222222,0-5 (Slight),#F1C40F,7.670141,52.01634
4623101,N82,2,-0.28500000000000003,-0.28500000000000003,0.0,< 0 (Early/On-time),#2ECC71,7.670141,52.01634
4624101,4,520,1.9186538461538463,1.23,10.961538461538462,0-5 (Slight),#F1C40F,7.667708,52.019704
4624101,E12,2,2.235,2.235,0.0,0-5 (Slight),#F1C40F,7.667708,52.019704
4624101,E4,1,6.22,6.22,100.0,5-10 (Moderate),#E67E22,7.667708,52.019704
4624101,N82,3,1.02,1.08,0.0,0-5 (Slight),#F1C40F,7.667708,52.019704
4625101,4,401,2.176059850374065,0.93,22.443890274314214,0-5 (Slight),#F1C40F,7.672328,52.012807
4625101,E12,2,6.390000000000001,6.390000000000001,100.0,5-10 (Moderate),#E67E22,7.672328,52.012807
4625301,4,527,3.4239278937381408,2.53,15.749525616698293,0-5 (Slight),#F1C40F,7.673503,52.008887
4625301,E12,4,3.5275,3.62,0.0,0-5 (Slight),#F1C40F,7.673503,52.008887
4626102,4,142,2.3876760563380284,2.78,2.8169014084507045,0-5 (Slight),#F1C40F,7.673164,52.027427
4626102,E12,3,3.973333333333333,3.87,0.0,0-5 (Slight),#F1C40F,7.673164,52.027427
4626301,4,185,3.968054054054054,3.1,25.945945945945947,0-5 (Slight),#F1C40F,7.673756,52.02637
4626301,E4,1,4.85,4.85,0.0,0-5 (Slight),#F1C40F,7.673756,52.02637
4626301,N82,2,1.3,1.3,0.0,0-5 (Slight),#F1C40F,7.673756,52.02637
4626501,4,481,4.391101871101871,2.37,36.17463617463618,0-5 (Slight),#F1C40F,7.676927,52.028257
4626501,N82,1,0.27,0.27,0.0,0-5 (Slight),#F1C40F,7.676927,52.028257
4627101,4,413,2.643535108958838,1.87,13.559322033898304,0-5 (Slight),#F1C40F,7.671023,52.024585
4627101,E12,4,6.7525,3.415,25.0,5-10 (Moderate),#E67E22,7.671023,52.024585
4627101,E4,2,8.780000000000001,8.780000000000001,100.0,5-10 (Moderate),#E67E22,7.671023,52.024585
4627101,N82,1,1.08,1.08,0.0,0-5 (Slight),#F1C40F,7.671023,52.024585
4628102,4,86,3.005,3.6,3.488372093023256,0-5 (Slight),#F1C40F,7.673412,52.029455
4628102,E12,3,3.47,4.98,0.0,0-5 (Slight),#F1C40F,7.673412,52.029455
4630102,4,6323,0.8942242606357742,0.0,9.362644314407719,0-5 (Slight),#F1C40F,7.676429,52.030245
4630102,E12,12,1.0925,1.04,0.0,0-5 (Slight),#F1C40F,7.676429,52.030245
4630102,E4,1,6.87,6.87,100.0,5-10 (Moderate),#E67E22,7.676429,52.030245
4630102,N82,11,1.6654545454545455,0.07,0.0,0-5 (Slight),#F1C40F,7.676429,52.030245
4631101,19,358,2.0153631284916202,0.57,16.480446927374302,0-5 (Slight),#F1C40F,7.664665,51.990708
4631101,4,591,3.629983079526227,3.13,16.412859560067684,0-5 (Slight),#F1C40F,7.664665,51.990708
4631101,E12,32,3.7271875,2.275,37.5,0-5 (Slight),#F1C40F,7.664665,51.990708
4631101,E4,27,0.4737037037037037,0.0,3.7037037037037033,0-5 (Slight),#F1C40F,7.664665,51.990708
4631101,E82,14,0.5514285714285715,0.3,0.0,0-5 (Slight),#F1C40F,7.664665,51.990708
4631101,N82,892,1.1825672645739909,0.0,7.73542600896861,0-5 (Slight),#F1C40F,7.664665,51.990708
4631901,19,402,1.6612437810945275,0.68,14.925373134328357,0-5 (Slight),#F1C40F,7.662704,51.994728
4631901,4,514,3.143307392996109,2.37,19.844357976653697,0-5 (Slight),#F1C40F,7.662704,51.994728
4631901,E12,35,2.870285714285714,1.62,14.285714285714285,0-5 (Slight),#F1C40F,7.662704,51.994728
4631901,E82,16,3.331875,4.48,0.0,0-5 (Slight),#F1C40F,7.662704,51.994728
4631901,N82,436,2.1588532110091743,1.75,14.908256880733944,0-5 (Slight),#F1C40F,7.662704,51.994728
4632101,4,1002,1.8846407185628744,1.0,15.6686626746507,0-5 (Slight),#F1C40F,7.664097,51.997298
4633101,15,689,1.3954426705370102,0.25,7.837445573294629,0-5 (Slight),#F1C40F,7.526631,51.922928
4633101,20,140,2.6012142857142857,1.54,16.428571428571427,0-5 (Slight),#F1C40F,7.526631,51.922928
4633101,E15,11,3.258181818181818,2.35,18.181818181818183,0-5 (Slight),#F1C40F,7.526631,51.922928
4633101,N84,203,1.2266995073891627,0.75,3.4482758620689653,0-5 (Slight),#F1C40F,7.526631,51.922928
4633502,15,588,2.503503401360544,0.83,12.925170068027212,0-5 (Slight),#F1C40F,7.522214,51.923834
4633502,E15,25,3.2908,2.5,16.0,0-5 (Slight),#F1C40F,7.522214,51.923834
4634102,15,647,1.9412210200927358,1.1,9.119010819165378,0-5 (Slight),#F1C40F,7.527242,51.920611
4634102,20,81,2.2835802469135804,0.25,29.629629629629626,0-5 (Slight),#F1C40F,7.527242,51.920611
4634102,E15,4,3.1975,1.2349999999999999,25.0,0-5 (Slight),#F1C40F,7.527242,51.920611
4634102,E84,4,3.6925,3.76,0.0,0-5 (Slight),#F1C40F,7.527242,51.920611
4634102,N84,84,2.673452380952381,2.23,2.380952380952381,0-5 (Slight),#F1C40F,7.527242,51.920611
4635001,15,7081,0.6109843242479875,0.0,5.041660782375371,0-5 (Slight),#F1C40F,7.527407,51.914634
4635001,20,1336,1.6935479041916166,0.0,10.254491017964073,0-5 (Slight),#F1C40F,7.527407,51.914634
4635001,E15,42,2.6645238095238093,2.1399999999999997,11.904761904761903,0-5 (Slight),#F1C40F,7.527407,51.914634
4635001,E84,13,1.9246153846153846,3.08,0.0,0-5 (Slight),#F1C40F,7.527407,51.914634
4635001,N84,1117,0.9293464637421665,0.0,3.5810205908683974,0-5 (Slight),#F1C40F,7.527407,51.914634
4635102,15,384,2.9885416666666664,2.07,19.270833333333336,0-5 (Slight),#F1C40F,7.528392,51.917629
4635102,20,163,0.8423926380368099,0.17,1.8404907975460123,0-5 (Slight),#F1C40F,7.528392,51.917629
4635102,E15,2,2.515,2.515,0.0,0-5 (Slight),#F1C40F,7.528392,51.917629
4635102,E84,2,0.7400000000000001,0.7400000000000001,0.0,0-5 (Slight),#F1C40F,7.528392,51.917629
4635102,N84,151,2.0764900662251655,2.23,4.635761589403973,0-5 (Slight),#F1C40F,7.528392,51.917629
4635502,15,698,3.300014326647564,1.22,25.07163323782235,0-5 (Slight),#F1C40F,7.525148,51.916427
4635502,20,523,2.1183173996175912,1.28,13.001912045889103,0-5 (Slight),#F1C40F,7.525148,51.916427
4635502,E15,18,2.815,1.36,22.22222222222222,0-5 (Slight),#F1C40F,7.525148,51.916427
4635502,E84,9,-0.12555555555555553,-0.7,0.0,< 0 (Early/On-time),#2ECC71,7.525148,51.916427
4635502,N84,323,1.9686996904024767,1.82,7.739938080495357,0-5 (Slight),#F1C40F,7.525148,51.916427
4638101,4,533,1.7263039399624767,1.15,8.442776735459661,0-5 (Slight),#F1C40F,7.666645,52.022265
4638101,E12,5,2.1759999999999997,2.23,0.0,0-5 (Slight),#F1C40F,7.666645,52.022265
4638101,N82,2,3.2249999999999996,3.2249999999999996,0.0,0-5 (Slight),#F1C40F,7.666645,52.022265
4654102,1,840,1.8071309523809524,1.68,4.166666666666666,0-5 (Slight),#F1C40F,7.538214,51.947705
4654102,E1,10,1.9949999999999999,2.01,0.0,0-5 (Slight),#F1C40F,7.538214,51.947705
4654102,E10,7,6.701428571428572,4.4,42.857142857142854,5-10 (Moderate),#E67E22,7.538214,51.947705
4654102,E80,8,1.91875,1.3250000000000002,12.5,0-5 (Slight),#F1C40F,7.538214,51.947705
4654102,N80,164,1.3001219512195121,0.98,3.048780487804878,0-5 (Slight),#F1C40F,7.538214,51.947705
4657102,1,580,1.9557586206896551,1.33,10.0,0-5 (Slight),#F1C40F,7.533062,51.946115
4657102,E1,1,2.93,2.93,0.0,0-5 (Slight),#F1C40F,7.533062,51.946115
4657102,E10,3,10.833333333333334,13.75,66.66666666666666,10-15 (High),#E74C3C,7.533062,51.946115
4657102,E80,3,0.6999999999999998,0.52,0.0,0-5 (Slight),#F1C40F,7.533062,51.946115
4657102,N80,86,2.0396511627906975,1.86,3.488372093023256,0-5 (Slight),#F1C40F,7.533062,51.946115
4659102,1,686,2.0224781341107874,0.5,12.682215743440233,0-5 (Slight),#F1C40F,7.529891,51.944812
4659102,E10,7,1.4557142857142857,0.17,14.285714285714285,0-5 (Slight),#F1C40F,7.529891,51.944812
4659102,E80,2,4.2,4.2,0.0,0-5 (Slight),#F1C40F,7.529891,51.944812
4659102,N80,102,2.772941176470588,2.72,12.745098039215685,0-5 (Slight),#F1C40F,7.529891,51.944812
4660102,10,656,2.4119207317073172,1.67,14.786585365853657,0-5 (Slight),#F1C40F,7.593965,51.938212
4660102,E10,321,1.445233644859813,0.0,10.2803738317757,0-5 (Slight),#F1C40F,7.593965,51.938212
4660102,E8,110,0.5583636363636364,0.0,7.2727272727272725,0-5 (Slight),#F1C40F,7.593965,51.938212
4660102,N83,134,0.7342537313432835,0.24,0.0,0-5 (Slight),#F1C40F,7.593965,51.938212
4661102,20,312,2.1627884615384616,1.36,7.371794871794872,0-5 (Slight),#F1C40F,7.532471,51.955083
4661102,E10,2,8.24,8.24,100.0,5-10 (Moderate),#E67E22,7.532471,51.955083
4661102,N80,103,0.6142718446601942,0.15,4.854368932038835,0-5 (Slight),#F1C40F,7.532471,51.955083
4662102,1,605,1.7341652892561985,0.92,7.43801652892562,0-5 (Slight),#F1C40F,7.5273,51.948375
4662102,20,93,2.1744086021505376,1.28,11.827956989247312,0-5 (Slight),#F1C40F,7.5273,51.948375
4662102,E10,11,6.955454545454546,7.22,72.72727272727273,5-10 (Moderate),#E67E22,7.5273,51.948375
4662102,E80,2,1.31,1.31,0.0,0-5 (Slight),#F1C40F,7.5273,51.948375
4662102,N80,183,0.9119125683060109,0.15,9.836065573770492,0-5 (Slight),#F1C40F,7.5273,51.948375
4662501,1,1402,1.1469686162624821,0.28,5.563480741797433,0-5 (Slight),#F1C40F,7.526606,51.946192
4662501,20,339,2.946843657817109,2.9,16.224188790560472,0-5 (Slight),#F1C40F,7.526606,51.946192
4662501,E1,26,0.1207692307692308,0.1,0.0,0-5 (Slight),#F1C40F,7.526606,51.946192
4662501,E10,29,5.074827586206897,2.3,44.827586206896555,5-10 (Moderate),#E67E22,7.526606,51.946192
4662501,E80,5,3.7560000000000002,3.07,20.0,0-5 (Slight),#F1C40F,7.526606,51.946192
4662501,N80,259,2.255096525096525,2.7,6.94980694980695,0-5 (Slight),#F1C40F,7.526606,51.946192
4666002,1,6171,0.740617403986388,0.0,7.61626964835521,0-5 (Slight),#F1C40F,7.527202,51.954481
4666002,E10,240,2.201,0.42,20.833333333333336,0-5 (Slight),#F1C40F,7.527202,51.954481
4666002,E80,14,0.1592857142857143,-0.665,0.0,0-5 (Slight),#F1C40F,7.527202,51.954481
4666002,Hä+G,97,0.8147422680412372,0.08,3.0927835051546393,0-5 (Slight),#F1C40F,7.527202,51.954481
4666002,N80,1767,0.2585059422750425,0.0,1.8675721561969438,0-5 (Slight),#F1C40F,7.527202,51.954481
4667102,1,1060,2.5298207547169813,1.67,27.830188679245282,0-5 (Slight),#F1C40F,7.530798,51.953779
4667102,E10,46,3.864347826086956,1.625,34.78260869565217,0-5 (Slight),#F1C40F,7.530798,51.953779
4667102,E80,3,0.5533333333333333,0.67,0.0,0-5 (Slight),#F1C40F,7.530798,51.953779
4667102,N80,342,4.434327485380117,2.3600000000000003,37.719298245614034,0-5 (Slight),#F1C40F,7.530798,51.953779
4668102,1,729,2.6567352537722906,1.72,14.266117969821673,0-5 (Slight),#F1C40F,7.530105,51.95119
4668102,20,241,2.1478008298755187,1.78,8.71369294605809,0-5 (Slight),#F1C40F,7.530105,51.95119
4668102,E10,58,2.700172413793103,1.13,10.344827586206897,0-5 (Slight),#F1C40F,7.530105,51.95119
4668102,E80,7,1.3457142857142856,1.23,14.285714285714285,0-5 (Slight),#F1C40F,7.530105,51.95119
4668102,N80,269,1.5569516728624535,1.13,8.550185873605948,0-5 (Slight),#F1C40F,7.530105,51.95119
4669102,10,378,2.3034126984126986,2.415,11.64021164021164,0-5 (Slight),#F1C40F,7.588195,51.93766
4669102,E10,712,12.538567415730338,11.88,96.34831460674157,10-15 (High),#E74C3C,7.588195,51.93766
4669102,E15,6,6.5200000000000005,7.32,50.0,5-10 (Moderate),#E67E22,7.588195,51.93766
4669102,N83,184,1.3757608695652173,1.3,0.5434782608695652,0-5 (Slight),#F1C40F,7.588195,51.93766
4670102,1,615,2.3050406504065037,1.98,10.40650406504065,0-5 (Slight),#F1C40F,7.568086,51.955787
4670102,E1,13,5.510769230769231,5.38,61.53846153846154,5-10 (Moderate),#E67E22,7.568086,51.955787
4670102,E80,7,0.7657142857142857,0.9,0.0,0-5 (Slight),#F1C40F,7.568086,51.955787
4670102,N80,428,2.8076168224299067,0.93,21.962616822429908,0-5 (Slight),#F1C40F,7.568086,51.955787
4670501,1,897,1.3783946488294314,0.27,6.688963210702341,0-5 (Slight),#F1C40F,7.571909,51.957391
4670501,11,10675,1.7868337236533958,0.0,13.292740046838409,0-5 (Slight),#F1C40F,7.571909,51.957391
4670501,12,12,1.7591666666666665,0.47,16.666666666666664,0-5 (Slight),#F1C40F,7.571909,51.957391
4670501,E1,56,3.78625,3.62,26.785714285714285,0-5 (Slight),#F1C40F,7.571909,51.957391
4670501,E80,9,1.818888888888889,2.02,11.11111111111111,0-5 (Slight),#F1C40F,7.571909,51.957391
4670501,N80,226,0.9073893805309734,0.17,7.52212389380531,0-5 (Slight),#F1C40F,7.571909,51.957391
4671102,1,645,1.8069457364341086,1.37,8.372093023255815,0-5 (Slight),#F1C40F,7.577622,51.95959
4671102,12,12,2.544166666666667,3.475,8.333333333333332,0-5 (Slight),#F1C40F,7.577622,51.95959
4672201,5,49,3.259591836734694,3.83,12.244897959183673,0-5 (Slight),#F1C40F,7.550192,51.996849
4672201,E5,8,0.88875,0.965,0.0,0-5 (Slight),#F1C40F,7.550192,51.996849
4672201,N85,90,0.8896666666666667,0.96,1.1111111111111112,0-5 (Slight),#F1C40F,7.550192,51.996849
4673102,5,264,3.051098484848485,2.92,3.0303030303030303,0-5 (Slight),#F1C40F,7.548283,51.995091
4673102,E5,16,0.15375,0.16499999999999998,0.0,0-5 (Slight),#F1C40F,7.548283,51.995091
4673102,N85,348,0.13410919540229885,0.13,0.8620689655172413,0-5 (Slight),#F1C40F,7.548283,51.995091
4674201,19,2235,0.6440939597315436,0.0,7.114093959731544,0-5 (Slight),#F1C40F,7.619517,52.041164
4674201,9,1447,0.9985141672425709,0.0,4.8375950241879755,0-5 (Slight),#F1C40F,7.619517,52.041164
4674201,N81,17,0.8994117647058824,0.0,11.76470588235294,0-5 (Slight),#F1C40F,7.619517,52.041164
4675001,9,54,2.1174074074074074,1.9,16.666666666666664,0-5 (Slight),#F1C40F,7.612893,52.041196
4675002,19,211,2.8226066350710903,2.32,8.056872037914692,0-5 (Slight),#F1C40F,7.613768,52.040297
4675002,9,728,2.160467032967033,1.63,17.032967032967033,0-5 (Slight),#F1C40F,7.613768,52.040297
4676501,19,653,1.6645022970903522,0.98,11.791730474732006,0-5 (Slight),#F1C40F,7.619846,52.036633
4676501,9,317,2.3981388012618297,1.15,18.61198738170347,0-5 (Slight),#F1C40F,7.619846,52.036633
4676501,N81,1,2.45,2.45,0.0,0-5 (Slight),#F1C40F,7.619846,52.036633
4677501,19,70,2.2774285714285716,1.36,1.4285714285714286,0-5 (Slight),#F1C40F,7.621005,52.0325
4677501,9,35,3.6274285714285717,3.83,2.857142857142857,0-5 (Slight),#F1C40F,7.621005,52.0325
4678101,19,278,2.1185251798561153,1.26,14.388489208633093,0-5 (Slight),#F1C40F,7.619927,52.033493
4678101,9,188,1.8004255319148936,0.27,14.361702127659576,0-5 (Slight),#F1C40F,7.619927,52.033493
4678101,N81,2,1.84,1.84,0.0,0-5 (Slight),#F1C40F,7.619927,52.033493
4679101,19,445,3.0795955056179776,2.55,15.280898876404494,0-5 (Slight),#F1C40F,7.618548,52.026939
4679101,9,330,3.4474545454545455,2.9,12.424242424242424,0-5 (Slight),#F1C40F,7.618548,52.026939
4679101,N81,1,4.38,4.38,0.0,0-5 (Slight),#F1C40F,7.618548,52.026939
4680101,19,418,2.1823444976076556,1.58,12.200956937799043,0-5 (Slight),#F1C40F,7.614974,52.007889
4680101,9,307,2.99628664495114,1.83,24.429967426710096,0-5 (Slight),#F1C40F,7.614974,52.007889
4680101,N81,1,6.48,6.48,100.0,5-10 (Moderate),#E67E22,7.614974,52.007889
4681101,19,339,1.8960176991150441,1.05,14.15929203539823,0-5 (Slight),#F1C40F,7.614824,52.003778
4681101,9,195,2.5674871794871796,1.05,18.461538461538463,0-5 (Slight),#F1C40F,7.614824,52.003778
4681101,N81,2,4.89,4.89,50.0,0-5 (Slight),#F1C40F,7.614824,52.003778
4682102,10,405,2.104246913580247,0.45,13.82716049382716,0-5 (Slight),#F1C40F,7.59151,51.939269
4682102,E10,667,12.890599700149926,12.92,89.20539730134932,10-15 (High),#E74C3C,7.59151,51.939269
4682102,E15,3,4.283333333333333,4.3,0.0,0-5 (Slight),#F1C40F,7.59151,51.939269
4682102,N83,192,0.5904166666666667,0.31,0.0,0-5 (Slight),#F1C40F,7.59151,51.939269
4684102,10,1042,2.1488387715930903,1.27,12.571976967370441,0-5 (Slight),#F1C40F,7.579565,51.934509
4684102,20,293,1.9059044368600682,1.27,7.508532423208192,0-5 (Slight),#F1C40F,7.579565,51.934509
4684102,E10,68,4.107941176470588,4.02,27.941176470588236,0-5 (Slight),#F1C40F,7.579565,51.934509
4684102,E15,10,4.853,1.6,30.0,0-5 (Slight),#F1C40F,7.579565,51.934509
4684102,N83,441,1.5475056689342406,1.18,3.1746031746031744,0-5 (Slight),#F1C40F,7.579565,51.934509
4684502,10,1069,1.9191487371375118,1.42,10.664172123479888,0-5 (Slight),#F1C40F,7.579327,51.930886
4684502,20,362,1.7355248618784531,1.8,3.591160220994475,0-5 (Slight),#F1C40F,7.579327,51.930886
4684502,E10,35,2.5762857142857145,2.18,11.428571428571429,0-5 (Slight),#F1C40F,7.579327,51.930886
4684502,N83,126,1.7765079365079366,0.38,7.936507936507936,0-5 (Slight),#F1C40F,7.579327,51.930886
4685102,20,138,2.7206521739130434,3.49,8.695652173913043,0-5 (Slight),#F1C40F,7.571069,51.941255
4685102,E10,42,4.815476190476191,3.33,30.952380952380953,0-5 (Slight),#F1C40F,7.571069,51.941255
4686102,20,249,1.640722891566265,1.05,6.024096385542169,0-5 (Slight),#F1C40F,7.56106,51.947761
4686102,E10,62,5.368548387096775,3.7249999999999996,35.483870967741936,5-10 (Moderate),#E67E22,7.56106,51.947761
4687102,20,228,2.304342105263158,1.77,7.017543859649122,0-5 (Slight),#F1C40F,7.557004,51.950159
4687102,E10,21,5.472380952380952,3.73,38.095238095238095,5-10 (Moderate),#E67E22,7.557004,51.950159
4688102,1,807,2.266171003717472,1.98,7.187112763320942,0-5 (Slight),#F1C40F,7.541273,51.955198
4688102,20,145,3.5826206896551724,3.75,18.620689655172416,0-5 (Slight),#F1C40F,7.541273,51.955198
4688102,E1,6,2.7183333333333333,2.665,0.0,0-5 (Slight),#F1C40F,7.541273,51.955198
4688102,E10,51,4.5245098039215685,3.38,31.372549019607842,0-5 (Slight),#F1C40F,7.541273,51.955198
4688102,E80,2,3.66,3.66,0.0,0-5 (Slight),#F1C40F,7.541273,51.955198
4688102,N80,102,2.726078431372549,2.38,8.823529411764707,0-5 (Slight),#F1C40F,7.541273,51.955198
4689102,1,984,1.9175508130081302,0.6,8.94308943089431,0-5 (Slight),#F1C40F,7.536314,51.954538
4689102,20,224,2.449107142857143,3.085,8.035714285714286,0-5 (Slight),#F1C40F,7.536314,51.954538
4689102,E1,5,3.722,3.73,0.0,0-5 (Slight),#F1C40F,7.536314,51.954538
4689102,E10,79,4.987215189873418,3.52,35.44303797468354,0-5 (Slight),#F1C40F,7.536314,51.954538
4689102,E80,8,2.48625,3.175,12.5,0-5 (Slight),#F1C40F,7.536314,51.954538
4689102,N80,279,1.1513978494623656,0.75,8.60215053763441,0-5 (Slight),#F1C40F,7.536314,51.954538
4690102,1,888,1.8091554054054053,1.17,9.234234234234235,0-5 (Slight),#F1C40F,7.536944,51.951667
4690102,E1,9,0.8533333333333333,1.08,0.0,0-5 (Slight),#F1C40F,7.536944,51.951667
4690102,E10,35,6.1085714285714285,3.37,42.857142857142854,5-10 (Moderate),#E67E22,7.536944,51.951667
4690102,E80,4,0.7374999999999999,0.685,0.0,0-5 (Slight),#F1C40F,7.536944,51.951667
4690102,N80,245,1.1380408163265305,0.2,7.755102040816326,0-5 (Slight),#F1C40F,7.536944,51.951667
4691102,E10,38,2.5555263157894736,2.285,10.526315789473683,0-5 (Slight),#F1C40F,7.535021,51.94919
4691901,5,229,3.2096069868995634,2.07,19.65065502183406,0-5 (Slight),#F1C40F,7.552618,51.999054
4691901,E5,3,5.783333333333334,7.43,66.66666666666666,5-10 (Moderate),#E67E22,7.552618,51.999054
4691901,E85,2,1.18,1.18,0.0,0-5 (Slight),#F1C40F,7.552618,51.999054
4691901,N85,132,4.367575757575757,4.9,19.696969696969695,0-5 (Slight),#F1C40F,7.552618,51.999054
4692101,5,1686,1.66861803084223,1.15,7.236061684460261,0-5 (Slight),#F1C40F,7.550287,51.999813
4692101,E5,47,1.3059574468085104,0.0,6.382978723404255,0-5 (Slight),#F1C40F,7.550287,51.999813
4692101,E85,3,1.4533333333333334,0.33,0.0,0-5 (Slight),#F1C40F,7.550287,51.999813
4692101,Hä+G,55,0.5018181818181818,0.0,0.0,0-5 (Slight),#F1C40F,7.550287,51.999813
4692101,N85,826,2.3938498789346245,0.68,11.743341404358354,0-5 (Slight),#F1C40F,7.550287,51.999813
4693001,5,5853,1.4353288911669229,0.0,10.319494276439432,0-5 (Slight),#F1C40F,7.542016,52.003544
4693001,E5,42,2.603095238095238,1.32,26.190476190476193,0-5 (Slight),#F1C40F,7.542016,52.003544
4693001,E85,4,-0.92,-0.99,0.0,< 0 (Early/On-time),#2ECC71,7.542016,52.003544
4693001,N85,2735,-0.07537842778793419,0.0,2.376599634369287,< 0 (Early/On-time),#2ECC71,7.542016,52.003544
4693101,5,1147,2.4470095902353965,1.95,11.421098517872712,0-5 (Slight),#F1C40F,7.545578,52.001597
4693101,E5,9,4.573333333333334,4.23,22.22222222222222,0-5 (Slight),#F1C40F,7.545578,52.001597
4693101,E85,3,1.2166666666666666,2.68,0.0,0-5 (Slight),#F1C40F,7.545578,52.001597
4693101,N85,992,2.2453629032258067,1.13,14.616935483870968,0-5 (Slight),#F1C40F,7.545578,52.001597
4694101,5,950,2.390957894736842,2.37,9.368421052631579,0-5 (Slight),#F1C40F,7.554156,51.997692
4694101,E5,5,6.072,4.12,20.0,5-10 (Moderate),#E67E22,7.554156,51.997692
4694101,E85,1,2.22,2.22,0.0,0-5 (Slight),#F1C40F,7.554156,51.997692
4694101,Hä+G,30,3.0313333333333334,3.13,3.3333333333333335,0-5 (Slight),#F1C40F,7.554156,51.997692
4694101,N85,197,3.424263959390863,2.48,18.781725888324875,0-5 (Slight),#F1C40F,7.554156,51.997692
4695001,5,1677,2.5635778175313058,2.13,6.022659511031605,0-5 (Slight),#F1C40F,7.553429,51.995357
4695001,E5,7,3.5671428571428576,4.95,28.57142857142857,0-5 (Slight),#F1C40F,7.553429,51.995357
4695001,E85,3,3.1300000000000003,3.15,0.0,0-5 (Slight),#F1C40F,7.553429,51.995357
4695001,N85,115,3.489130434782609,3.12,15.65217391304348,0-5 (Slight),#F1C40F,7.553429,51.995357
4696101,5,965,2.023067357512953,1.2,13.471502590673575,0-5 (Slight),#F1C40F,7.553384,51.99154
4696101,E5,12,2.7558333333333334,2.6550000000000002,8.333333333333332,0-5 (Slight),#F1C40F,7.553384,51.99154
4696101,E85,3,2.066666666666667,2.88,0.0,0-5 (Slight),#F1C40F,7.553384,51.99154
4696101,N85,160,4.1979375,3.59,19.375,0-5 (Slight),#F1C40F,7.553384,51.99154
4697001,5,1482,3.082887989203779,3.4,16.12685560053981,0-5 (Slight),#F1C40F,7.548291,51.993322
4697001,E5,28,2.865357142857143,2.185,14.285714285714285,0-5 (Slight),#F1C40F,7.548291,51.993322
4697001,E85,5,1.144,0.47,0.0,0-5 (Slight),#F1C40F,7.548291,51.993322
4697001,N85,690,1.6741739130434783,0.95,8.550724637681158,0-5 (Slight),#F1C40F,7.548291,51.993322
4698101,5,821,2.2935688185140073,1.85,12.423873325213155,0-5 (Slight),#F1C40F,7.549895,51.98337
4698101,E5,20,3.511,3.75,10.0,0-5 (Slight),#F1C40F,7.549895,51.98337
4698101,N85,125,3.6315999999999997,2.9,16.0,0-5 (Slight),#F1C40F,7.549895,51.98337
4699101,5,742,1.9153504043126686,0.98,17.78975741239892,0-5 (Slight),#F1C40F,7.557304,51.977791
4699101,E5,8,4.10125,2.695,25.0,0-5 (Slight),#F1C40F,7.557304,51.977791
4699101,E85,2,3.34,3.34,0.0,0-5 (Slight),#F1C40F,7.557304,51.977791
4699101,N85,117,3.8352991452991456,3.6,14.529914529914532,0-5 (Slight),#F1C40F,7.557304,51.977791
4704101,18,383,1.9332637075718013,1.38,7.049608355091384,0-5 (Slight),#F1C40F,7.640469,51.899431
4705101,20,570,1.3615964912280702,1.32,5.614035087719298,0-5 (Slight),#F1C40F,7.527607,51.926358
4706101,15,755,2.77641059602649,1.83,12.71523178807947,0-5 (Slight),#F1C40F,7.523809,51.924944
4706101,E15,14,2.516428571428572,0.25,21.428571428571427,0-5 (Slight),#F1C40F,7.523809,51.924944
4706101,E84,8,1.475,0.1,25.0,0-5 (Slight),#F1C40F,7.523809,51.924944
4706101,N84,288,1.3711805555555554,0.89,5.208333333333334,0-5 (Slight),#F1C40F,7.523809,51.924944
4706501,15,574,3.189355400696864,1.61,22.125435540069684,0-5 (Slight),#F1C40F,7.519123,51.925064
4706501,E15,5,2.3120000000000003,1.52,20.0,0-5 (Slight),#F1C40F,7.519123,51.925064
4706501,E84,3,0.66,0.5,0.0,0-5 (Slight),#F1C40F,7.519123,51.925064
4706501,N84,197,1.8097461928934009,1.28,10.65989847715736,0-5 (Slight),#F1C40F,7.519123,51.925064
4707102,15,665,1.6305413533834585,0.33,9.172932330827068,0-5 (Slight),#F1C40F,7.527928,51.924415
4707102,E15,16,3.220625,2.67,18.75,0-5 (Slight),#F1C40F,7.527928,51.924415
4707102,E84,5,1.128,2.13,0.0,0-5 (Slight),#F1C40F,7.527928,51.924415
4707102,N84,158,1.7027848101265823,1.97,5.69620253164557,0-5 (Slight),#F1C40F,7.527928,51.924415
4712102,18,1522,0.9259067017082786,0.0,9.724047306176084,0-5 (Slight),#F1C40F,7.72137,51.929257
4718101,N85,167,3.3897005988023956,2.95,25.748502994011975,0-5 (Slight),#F1C40F,7.742061,51.917293
4719102,N85,120,3.816666666666667,3.0,36.666666666666664,0-5 (Slight),#F1C40F,7.738202,51.917774
4720102,N85,75,3.066,2.78,17.333333333333336,0-5 (Slight),#F1C40F,7.734599,51.916939
4722101,18,189,3.227142857142857,3.03,10.582010582010582,0-5 (Slight),#F1C40F,7.660971,51.906154
4722101,6,1315,2.1383650190114065,0.87,15.665399239543726,0-5 (Slight),#F1C40F,7.660971,51.906154
4722101,9,794,2.2485768261964734,1.5,11.460957178841308,0-5 (Slight),#F1C40F,7.660971,51.906154
4722101,E6,18,5.3116666666666665,6.37,61.111111111111114,5-10 (Moderate),#E67E22,7.660971,51.906154
4722101,N82,383,0.5689556135770235,0.13,2.610966057441253,0-5 (Slight),#F1C40F,7.660971,51.906154
4722802,5,7759,0.5964222193581648,0.0,7.6685139837607945,0-5 (Slight),#F1C40F,7.653664,51.905136
4722802,6,3667,1.194153258794655,0.0,8.017452958821925,0-5 (Slight),#F1C40F,7.653664,51.905136
4723101,18,283,2.5753003533568903,2.23,23.32155477031802,0-5 (Slight),#F1C40F,7.650432,51.904865
4723101,5,1930,2.7397202072538858,1.53,19.27461139896373,0-5 (Slight),#F1C40F,7.650432,51.904865
4723101,6,845,1.2766508875739644,0.97,5.9171597633136095,0-5 (Slight),#F1C40F,7.650432,51.904865
4723101,9,996,2.3829518072289155,1.25,11.546184738955825,0-5 (Slight),#F1C40F,7.650432,51.904865
4723101,E6,14,6.026428571428572,5.220000000000001,78.57142857142857,5-10 (Moderate),#E67E22,7.650432,51.904865
4723101,N82,157,2.843949044585987,3.93,4.45859872611465,0-5 (Slight),#F1C40F,7.650432,51.904865
4724101,5,1133,2.1191173874669023,1.1,13.062665489849955,0-5 (Slight),#F1C40F,7.644804,51.904185
4724101,6,14,2.8957142857142855,2.825,0.0,0-5 (Slight),#F1C40F,7.644804,51.904185
4724101,9,717,2.34626220362622,1.22,16.178521617852162,0-5 (Slight),#F1C40F,7.644804,51.904185
4724101,E6,34,3.743529411764706,3.19,32.35294117647059,0-5 (Slight),#F1C40F,7.644804,51.904185
4724101,N82,265,1.3190943396226416,0.25,6.415094339622642,0-5 (Slight),#F1C40F,7.644804,51.904185
4725101,1,979,1.991256384065373,1.02,14.300306435137896,0-5 (Slight),#F1C40F,7.63964,51.903017
4725101,18,289,1.6800692041522491,0.9,11.072664359861593,0-5 (Slight),#F1C40F,7.63964,51.903017
4725101,5,835,2.068634730538922,-0.52,12.095808383233534,0-5 (Slight),#F1C40F,7.63964,51.903017
4725101,6,43,2.6390697674418604,3.23,2.3255813953488373,0-5 (Slight),#F1C40F,7.63964,51.903017
4725101,9,716,2.605768156424581,2.075,13.687150837988826,0-5 (Slight),#F1C40F,7.63964,51.903017
4725101,E1,30,3.225,3.44,6.666666666666667,0-5 (Slight),#F1C40F,7.63964,51.903017
4725101,E6,44,5.425000000000001,5.76,61.36363636363637,5-10 (Moderate),#E67E22,7.63964,51.903017
4725101,E9,34,3.988235294117647,3.58,26.47058823529412,0-5 (Slight),#F1C40F,7.63964,51.903017
4725101,N82,402,1.8431343283582091,1.92,4.477611940298507,0-5 (Slight),#F1C40F,7.63964,51.903017
4726102,9,843,2.2369513641755634,1.23,10.913404507710558,0-5 (Slight),#F1C40F,7.635943,51.905289
4726102,E9,14,2.1407142857142856,1.2149999999999999,7.142857142857142,0-5 (Slight),#F1C40F,7.635943,51.905289
4726102,N82,285,1.8214736842105264,1.38,6.666666666666667,0-5 (Slight),#F1C40F,7.635943,51.905289
4727101,9,1029,2.1875121477162294,1.25,12.82798833819242,0-5 (Slight),#F1C40F,7.632723,51.909495
4727101,E9,10,3.975,3.9299999999999997,50.0,0-5 (Slight),#F1C40F,7.632723,51.909495
4727101,N82,161,1.5962111801242236,-0.28,1.2422360248447204,0-5 (Slight),#F1C40F,7.632723,51.909495
4728102,5,473,2.6495348837209303,2.08,14.376321353065538,0-5 (Slight),#F1C40F,7.632247,51.917372
4728102,9,398,2.3548743718592964,1.95,11.557788944723619,0-5 (Slight),#F1C40F,7.632247,51.917372
4728102,E9,1,3.97,3.97,0.0,0-5 (Slight),#F1C40F,7.632247,51.917372
4728102,N82,140,1.6620714285714286,1.49,3.571428571428571,0-5 (Slight),#F1C40F,7.632247,51.917372
4728502,5,888,3.4352477477477477,2.79,22.40990990990991,0-5 (Slight),#F1C40F,7.632962,51.914167
4728502,9,524,2.581698473282443,1.67,15.267175572519085,0-5 (Slight),#F1C40F,7.632962,51.914167
4728502,E9,2,3.19,3.19,0.0,0-5 (Slight),#F1C40F,7.632962,51.914167
4728502,N82,289,1.0084775086505189,0.12,3.1141868512110724,0-5 (Slight),#F1C40F,7.632962,51.914167
4729102,1,1257,1.9097295147175817,1.05,10.421638822593476,0-5 (Slight),#F1C40F,7.631485,51.921106
4729102,5,1566,2.8792145593869733,2.23,16.41123882503193,0-5 (Slight),#F1C40F,7.631485,51.921106
4729102,9,685,2.274613138686131,1.3,10.218978102189782,0-5 (Slight),#F1C40F,7.631485,51.921106
4729102,E9,14,1.5385714285714285,0.33999999999999997,21.428571428571427,0-5 (Slight),#F1C40F,7.631485,51.921106
4729102,N82,442,1.153868778280543,0.78,4.97737556561086,0-5 (Slight),#F1C40F,7.631485,51.921106
4731102,18,362,1.604889502762431,1.03,9.392265193370166,0-5 (Slight),#F1C40F,7.728419,51.917882
4731102,N85,38,2.3539473684210526,0.35,28.947368421052634,0-5 (Slight),#F1C40F,7.728419,51.917882
4732101,18,166,3.8159036144578318,3.1399999999999997,20.481927710843372,0-5 (Slight),#F1C40F,7.724798,51.91527
4732101,8,860,1.247953488372093,0.32,9.883720930232558,0-5 (Slight),#F1C40F,7.724798,51.91527
4732101,E85,15,3.2673333333333336,2.87,13.333333333333334,0-5 (Slight),#F1C40F,7.724798,51.91527
4732101,N85,550,2.972981818181818,2.1399999999999997,22.363636363636363,0-5 (Slight),#F1C40F,7.724798,51.91527
4733102,8,272,2.7468749999999997,1.37,17.647058823529413,0-5 (Slight),#F1C40F,7.720598,51.915874
4733102,E85,2,1.26,1.26,0.0,0-5 (Slight),#F1C40F,7.720598,51.915874
4733102,N85,84,3.1824999999999997,2.12,17.857142857142858,0-5 (Slight),#F1C40F,7.720598,51.915874
4734102,8,538,2.160334572490706,1.96,8.921933085501859,0-5 (Slight),#F1C40F,7.706324,51.918249
4734102,E85,4,4.47,5.475,75.0,0-5 (Slight),#F1C40F,7.706324,51.918249
4734102,N85,61,2.9272131147540983,1.33,39.34426229508197,0-5 (Slight),#F1C40F,7.706324,51.918249
4735102,8,710,1.3779718309859155,0.88,8.732394366197182,0-5 (Slight),#F1C40F,7.702719,51.919966
4735102,N85,45,3.663111111111111,2.53,22.22222222222222,0-5 (Slight),#F1C40F,7.702719,51.919966
4736102,8,655,1.5565801526717555,0.47,10.076335877862595,0-5 (Slight),#F1C40F,7.700839,51.922282
4736102,N85,68,3.952205882352941,3.04,19.11764705882353,0-5 (Slight),#F1C40F,7.700839,51.922282
4737102,8,204,3.301617647058823,2.75,14.215686274509803,0-5 (Slight),#F1C40F,7.691101,51.927316
4737102,N85,65,2.758153846153846,1.43,18.461538461538463,0-5 (Slight),#F1C40F,7.691101,51.927316
4738102,18,238,2.6660084033613445,1.625,22.268907563025213,0-5 (Slight),#F1C40F,7.728629,51.920003
4738102,N85,30,2.9583333333333335,2.7750000000000004,16.666666666666664,0-5 (Slight),#F1C40F,7.728629,51.920003
4738501,N85,53,4.11566037735849,3.68,18.867924528301888,0-5 (Slight),#F1C40F,7.736211,51.920864
4738702,18,158,1.949746835443038,0.0,8.860759493670885,0-5 (Slight),#F1C40F,7.731286,51.92134
4738702,N85,22,4.7727272727272725,4.345,27.27272727272727,0-5 (Slight),#F1C40F,7.731286,51.92134
4739101,18,593,1.4409780775716694,0.28,11.63575042158516,0-5 (Slight),#F1C40F,7.729721,51.925133
4739202,18,245,2.054408163265306,1.18,9.387755102040817,0-5 (Slight),#F1C40F,7.71639,51.911291
4739202,8,336,3.508125,2.55,25.297619047619047,0-5 (Slight),#F1C40F,7.71639,51.911291
4739202,N85,38,3.736315789473684,2.735,21.052631578947366,0-5 (Slight),#F1C40F,7.71639,51.911291
4739701,18,146,2.2825342465753424,2.71,11.643835616438356,0-5 (Slight),#F1C40F,7.73107,51.923417
4742102,1,614,1.658127035830619,0.99,12.052117263843648,0-5 (Slight),#F1C40F,7.636122,51.913683
4743102,18,172,2.136686046511628,1.525,11.627906976744185,0-5 (Slight),#F1C40F,7.649456,51.907554
4744102,18,140,1.6637857142857144,1.23,10.0,0-5 (Slight),#F1C40F,7.646324,51.90834
4745102,18,201,0.9069651741293533,0.07,4.975124378109453,0-5 (Slight),#F1C40F,7.642757,51.907621
4746101,8,388,2.56020618556701,2.17,7.474226804123711,0-5 (Slight),#F1C40F,7.717636,51.916126
4746101,E6,62,1.5253225806451614,1.1,0.0,0-5 (Slight),#F1C40F,7.717636,51.916126
4746101,N85,233,1.5839914163090127,1.07,11.158798283261802,0-5 (Slight),#F1C40F,7.717636,51.916126
4747001,8,5026,0.8560545165141265,0.0,5.809789096697174,0-5 (Slight),#F1C40F,7.71637,51.910614
4747001,E85,2,3.29,3.29,0.0,0-5 (Slight),#F1C40F,7.71637,51.910614
4747001,N85,180,1.6566666666666665,0.0,13.333333333333334,0-5 (Slight),#F1C40F,7.71637,51.910614
4747102,18,143,4.093986013986014,3.65,14.685314685314685,0-5 (Slight),#F1C40F,7.722834,51.912382
4747102,8,878,1.0420615034168563,0.65,3.986332574031891,0-5 (Slight),#F1C40F,7.722834,51.912382
4747102,E85,6,3.6733333333333333,4.175000000000001,33.33333333333333,0-5 (Slight),#F1C40F,7.722834,51.912382
4747102,N85,234,3.3835470085470085,2.225,35.04273504273504,0-5 (Slight),#F1C40F,7.722834,51.912382
4747502,8,64,2.1434375,1.24,4.6875,0-5 (Slight),#F1C40F,7.719415,51.908255
4747502,E85,1,3.18,3.18,0.0,0-5 (Slight),#F1C40F,7.719415,51.908255
4747502,N85,22,6.511363636363637,7.949999999999999,59.09090909090909,5-10 (Moderate),#E67E22,7.719415,51.908255
4748001,18,316,1.8222151898734178,1.53,8.544303797468354,0-5 (Slight),#F1C40F,7.71258,51.911014
4748001,E85,2,4.234999999999999,4.234999999999999,0.0,0-5 (Slight),#F1C40F,7.71258,51.911014
4748001,N85,125,2.63504,1.8,9.6,0-5 (Slight),#F1C40F,7.71258,51.911014
4748102,8,156,1.2096153846153845,1.15,0.0,0-5 (Slight),#F1C40F,7.720909,51.909819
4748102,E85,1,2.27,2.27,0.0,0-5 (Slight),#F1C40F,7.720909,51.909819
4748102,N85,56,3.612142857142857,2.205,44.642857142857146,0-5 (Slight),#F1C40F,7.720909,51.909819
4749102,8,330,2.6165454545454545,1.6749999999999998,15.757575757575756,0-5 (Slight),#F1C40F,7.697391,51.924731
4749102,E85,4,4.9725,5.925,50.0,0-5 (Slight),#F1C40F,7.697391,51.924731
4749102,N85,78,2.833589743589744,2.105,6.41025641025641,0-5 (Slight),#F1C40F,7.697391,51.924731
4750102,1,920,2.057358695652174,1.51,11.73913043478261,0-5 (Slight),#F1C40F,7.633952,51.917882
4751102,1,1041,1.0602785782901056,0.12,7.780979827089338,0-5 (Slight),#F1C40F,7.637504,51.91028
4752101,1,484,2.075103305785124,1.07,9.710743801652892,0-5 (Slight),#F1C40F,7.639702,51.907299
4752101,18,132,1.8367424242424242,2.03,8.333333333333332,0-5 (Slight),#F1C40F,7.639702,51.907299
4753102,1,786,2.1239312977099236,1.59,12.086513994910941,0-5 (Slight),#F1C40F,7.640968,51.905178
4753102,18,162,3.0146913580246912,2.97,4.320987654320987,0-5 (Slight),#F1C40F,7.640968,51.905178
4754101,1,1023,1.2029716520039102,0.45,7.624633431085044,0-5 (Slight),#F1C40F,7.635417,51.900826
4754101,5,716,3.043575418994413,1.38,22.62569832402235,0-5 (Slight),#F1C40F,7.635417,51.900826
4754101,E1,16,2.755,3.05,6.25,0-5 (Slight),#F1C40F,7.635417,51.900826
4755101,1,228,1.7503947368421051,1.92,1.7543859649122806,0-5 (Slight),#F1C40F,7.631959,51.899868
4755101,5,249,4.496867469879518,2.33,36.54618473895582,0-5 (Slight),#F1C40F,7.631959,51.899868
4755101,E1,3,1.92,1.88,0.0,0-5 (Slight),#F1C40F,7.631959,51.899868
4755102,1,194,2.8174226804123714,1.36,16.49484536082474,0-5 (Slight),#F1C40F,7.631756,51.899911
4755102,5,220,1.9504545454545457,2.025,1.8181818181818181,0-5 (Slight),#F1C40F,7.631756,51.899911
4755102,E1,6,1.1516666666666666,1.1949999999999998,0.0,0-5 (Slight),#F1C40F,7.631756,51.899911
4756101,1,381,1.7996062992125983,0.47,9.448818897637794,0-5 (Slight),#F1C40F,7.628605,51.899123
4756101,5,493,2.6429208924949292,1.37,18.052738336713997,0-5 (Slight),#F1C40F,7.628605,51.899123
4756101,E1,12,0.9308333333333333,0.35,0.0,0-5 (Slight),#F1C40F,7.628605,51.899123
4757101,1,498,2.861586345381526,2.15,15.060240963855422,0-5 (Slight),#F1C40F,7.624094,51.898117
4757101,5,1050,2.047047619047619,1.12,11.238095238095239,0-5 (Slight),#F1C40F,7.624094,51.898117
4757101,E1,12,2.9275,2.7,16.666666666666664,0-5 (Slight),#F1C40F,7.624094,51.898117
4757501,5,614,3.068241042345277,2.075,17.75244299674267,0-5 (Slight),#F1C40F,7.624149,51.899966
4757501,N81,303,1.310891089108911,0.4,5.2805280528052805,0-5 (Slight),#F1C40F,7.624149,51.899966
4758101,1,827,2.2937122128174123,1.53,11.24546553808948,0-5 (Slight),#F1C40F,7.615836,51.882917
4758101,18,101,3.164257425742574,2.93,8.91089108910891,0-5 (Slight),#F1C40F,7.615836,51.882917
4758101,E1,17,2.84,1.9,17.647058823529413,0-5 (Slight),#F1C40F,7.615836,51.882917
4758101,N81,107,2.837663551401869,3.73,8.411214953271028,0-5 (Slight),#F1C40F,7.615836,51.882917
4758201,1,510,2.22456862745098,1.43,13.137254901960786,0-5 (Slight),#F1C40F,7.60912,51.884326
4758201,E1,2,1.5799999999999998,1.5799999999999998,0.0,0-5 (Slight),#F1C40F,7.60912,51.884326
4758201,N81,314,0.6157006369426752,0.08,3.1847133757961785,0-5 (Slight),#F1C40F,7.60912,51.884326
4759502,1,976,1.3011680327868853,0.62,6.557377049180328,0-5 (Slight),#F1C40F,7.620749,51.887494
4759502,18,155,2.004258064516129,1.3,5.806451612903226,0-5 (Slight),#F1C40F,7.620749,51.887494
4759502,E1,21,1.2133333333333334,1.27,0.0,0-5 (Slight),#F1C40F,7.620749,51.887494
4759502,N81,199,1.2846231155778896,0.1,6.532663316582915,0-5 (Slight),#F1C40F,7.620749,51.887494
4760002,1,6846,0.7478323108384458,0.0,5.360794624598306,0-5 (Slight),#F1C40F,7.59974,51.884459
4760002,18,263,3.0534980988593157,3.08,6.4638783269961975,0-5 (Slight),#F1C40F,7.59974,51.884459
4760002,E1,6,5.043333333333333,3.025,33.33333333333333,5-10 (Moderate),#E67E22,7.59974,51.884459
4760002,N81,2059,0.4319912578921807,0.0,2.1855269548324427,0-5 (Slight),#F1C40F,7.59974,51.884459
4761502,1,1036,1.6233204633204632,0.48,9.652509652509652,0-5 (Slight),#F1C40F,7.608825,51.880393
4761502,18,346,0.8791329479768787,0.35,8.092485549132949,0-5 (Slight),#F1C40F,7.608825,51.880393
4761502,E1,2,1.525,1.525,0.0,0-5 (Slight),#F1C40F,7.608825,51.880393
4761502,N81,405,1.3408395061728393,1.12,2.2222222222222223,0-5 (Slight),#F1C40F,7.608825,51.880393
4762101,1,1340,1.3543059701492537,0.22,10.671641791044777,0-5 (Slight),#F1C40F,7.605619,51.885131
4762101,E1,27,1.5362962962962963,0.27,3.7037037037037033,0-5 (Slight),#F1C40F,7.605619,51.885131
4762101,N81,273,1.681098901098901,0.97,9.523809523809524,0-5 (Slight),#F1C40F,7.605619,51.885131
4764101,1,1976,1.374331983805668,0.3,6.983805668016195,0-5 (Slight),#F1C40F,7.607431,51.881998
4764101,18,531,2.475838041431262,2.2,13.182674199623351,0-5 (Slight),#F1C40F,7.607431,51.881998
4764101,E1,27,2.9174074074074072,2.52,7.4074074074074066,0-5 (Slight),#F1C40F,7.607431,51.881998
4764101,N81,689,1.6673730043541364,1.33,7.6923076923076925,0-5 (Slight),#F1C40F,7.607431,51.881998
4765101,5,1507,2.129648307896483,1.73,12.27604512276045,0-5 (Slight),#F1C40F,7.624978,51.908477
4765101,N81,137,2.048248175182482,0.37,13.86861313868613,0-5 (Slight),#F1C40F,7.624978,51.908477
4765501,5,568,3.5060387323943663,2.97,23.591549295774648,0-5 (Slight),#F1C40F,7.624633,51.905804
4765501,N81,75,1.9565333333333335,3.23,4.0,0-5 (Slight),#F1C40F,7.624633,51.905804
4766101,5,760,2.8074868421052632,0.41000000000000003,19.078947368421055,0-5 (Slight),#F1C40F,7.625452,51.903289
4766101,N81,91,3.0560439560439563,3.82,7.6923076923076925,0-5 (Slight),#F1C40F,7.625452,51.903289
4767002,N81,219,1.6083561643835618,1.28,8.67579908675799,0-5 (Slight),#F1C40F,7.624053,51.910758
4767502,N81,513,1.0010721247563352,0.7,3.7037037037037033,0-5 (Slight),#F1C40F,7.615672,51.916055
4769101,18,143,2.181678321678322,1.67,12.587412587412588,0-5 (Slight),#F1C40F,7.613358,51.880761
4770101,18,259,1.1131660231660232,0.65,8.108108108108109,0-5 (Slight),#F1C40F,7.638917,51.901408
4774701,9,50,1.8638,1.3900000000000001,10.0,0-5 (Slight),#F1C40F,7.595557,52.046385
4774801,9,18,0.06277777777777774,-0.85,5.555555555555555,0-5 (Slight),#F1C40F,7.589949,52.04938
4774901,9,27,2.062222222222222,1.95,14.814814814814813,0-5 (Slight),#F1C40F,7.591987,52.043188
4781102,18,203,1.63743842364532,0.9,14.285714285714285,0-5 (Slight),#F1C40F,7.627306,51.893404
4781301,18,225,2.543688888888889,1.98,11.555555555555555,0-5 (Slight),#F1C40F,7.634017,51.893596
4782101,1,718,1.8648050139275767,0.67,15.041782729805014,0-5 (Slight),#F1C40F,7.622008,51.893352
4782101,18,393,0.6477862595419848,0.08,5.089058524173027,0-5 (Slight),#F1C40F,7.622008,51.893352
4782101,E1,5,4.236,2.43,20.0,0-5 (Slight),#F1C40F,7.622008,51.893352
4782101,N81,154,2.0814935064935067,1.25,15.584415584415584,0-5 (Slight),#F1C40F,7.622008,51.893352
4783102,1,396,2.6308333333333334,1.65,16.161616161616163,0-5 (Slight),#F1C40F,7.622606,51.89587
4783102,E1,6,3.15,3.79,0.0,0-5 (Slight),#F1C40F,7.622606,51.89587
4783102,N81,285,1.4640350877192982,0.92,7.719298245614035,0-5 (Slight),#F1C40F,7.622606,51.89587
4785101,1,871,2.312537313432836,1.45,13.432835820895523,0-5 (Slight),#F1C40F,7.609496,51.878559
4785101,E1,47,4.291276595744681,1.73,29.78723404255319,0-5 (Slight),#F1C40F,7.609496,51.878559
4785101,N81,500,2.4836,2.12,9.0,0-5 (Slight),#F1C40F,7.609496,51.878559
4786101,18,745,1.935744966442953,1.67,6.97986577181208,0-5 (Slight),#F1C40F,7.595658,51.89097
4786302,18,182,4.079670329670329,3.47,14.285714285714285,0-5 (Slight),#F1C40F,7.583161,51.891584
4786501,18,105,2.392,3.02,10.476190476190476,0-5 (Slight),#F1C40F,7.580548,51.88824
4790102,E6,172,0.36686046511627907,0.17,2.3255813953488373,0-5 (Slight),#F1C40F,7.647451,51.935344
4790502,E6,142,1.6924647887323943,1.19,2.8169014084507045,0-5 (Slight),#F1C40F,7.64595,51.939206
4790702,17,554,2.329079422382671,1.62,12.093862815884476,0-5 (Slight),#F1C40F,7.647583,51.929341
4790702,E17,16,3.095,1.4049999999999998,12.5,0-5 (Slight),#F1C40F,7.647583,51.929341
4790702,E6,151,2.257748344370861,2.07,10.596026490066226,0-5 (Slight),#F1C40F,7.647583,51.929341
4791102,E6,46,2.6608695652173915,2.71,6.521739130434782,0-5 (Slight),#F1C40F,7.648055,51.931709
4791801,E6,500,1.54594,1.18,3.0,0-5 (Slight),#F1C40F,7.652782,51.934182
4792102,E6,189,0.9077777777777778,0.2,9.523809523809524,0-5 (Slight),#F1C40F,7.654011,51.932038
4792302,E6,78,1.4638461538461538,1.16,2.564102564102564,0-5 (Slight),#F1C40F,7.645906,51.934163
4901101,19,388,1.7942268041237113,0.4,13.144329896907218,0-5 (Slight),#F1C40F,7.643538,51.992569
4901101,E82,6,1.91,1.8849999999999998,0.0,0-5 (Slight),#F1C40F,7.643538,51.992569
4901101,N82,354,1.1151129943502824,0.725,6.497175141242938,0-5 (Slight),#F1C40F,7.643538,51.992569
4902101,6,548,2.667919708029197,1.3,16.605839416058394,0-5 (Slight),#F1C40F,7.648248,51.989594
4902101,8,498,1.9918273092369476,1.25,10.040160642570282,0-5 (Slight),#F1C40F,7.648248,51.989594
4902101,E12,11,2.118181818181818,0.35,27.27272727272727,0-5 (Slight),#F1C40F,7.648248,51.989594
4902101,E6,7,5.487142857142857,4.28,42.857142857142854,5-10 (Moderate),#E67E22,7.648248,51.989594
4902101,E8,12,1.5491666666666666,0.225,8.333333333333332,0-5 (Slight),#F1C40F,7.648248,51.989594
4902101,E82,8,1.43,0.25,0.0,0-5 (Slight),#F1C40F,7.648248,51.989594
4902101,N82,146,2.2420547945205476,3.075,10.95890410958904,0-5 (Slight),#F1C40F,7.648248,51.989594
4975101,1,583,2.093893653516295,1.67,8.404802744425385,0-5 (Slight),#F1C40F,7.617942,51.964548
4975101,9,499,2.195951903807615,1.87,10.02004008016032,0-5 (Slight),#F1C40F,7.617942,51.964548
4975101,E8,6,1.5333333333333332,0.665,16.666666666666664,0-5 (Slight),#F1C40F,7.617942,51.964548
5433102,E10,44,2.0688636363636363,1.3399999999999999,11.363636363636363,0-5 (Slight),#F1C40F,7.609721,51.949031
